"audit_rate","replicate","method","audited_n","estimate","truth","error","squared_error"
0.01,1,"True",164,0.00529178061490759,0.00529178061490759,0,0
0.01,1,"SoftProxy",164,0.00612457068670331,0.00529178061490759,0.000832790071795722,6.93539303681524e-07
0.01,1,"HardProxy",164,0.0122690606572438,0.00529178061490759,0.00697728004233625,4.86824367891838e-05
0.01,1,"IPW",164,0.00725556869754228,0.00529178061490759,0.0019637880826347,3.85646363349806e-06
0.01,1,"Augmented",164,0.00234950315590147,0.00529178061490759,-0.00294227745900612,8.6569966457755e-06
0.01,1,"SoftProxyMisspecified",164,0.0047369046799286,0.00529178061490759,-0.000554875934978986,3.07887303218803e-07
0.01,1,"AugmentedMisspecified",164,0.00294514848032814,0.00529178061490759,-0.00234663213457945,5.50668237504089e-06
0.01,2,"True",182,0.00529178061490759,0.00529178061490759,0,0
0.01,2,"SoftProxy",182,0.0163843885278317,0.00529178061490759,0.0110926079129242,0.000123045950309868
0.01,2,"HardProxy",182,0.0301417507626418,0.00529178061490759,0.0248499701477342,0.000617521016343282
0.01,2,"IPW",182,0.0160109480383449,0.00529178061490759,0.0107191674234373,0.00011490055025168
0.01,2,"Augmented",182,0.0175424125864487,0.00529178061490759,0.0122506319715411,0.000150077983702144
0.01,2,"SoftProxyMisspecified",182,0.011186453936832,0.00529178061490759,0.0058946733219244,3.47471735722072e-05
0.01,2,"AugmentedMisspecified",182,0.0153205151299292,0.00529178061490759,0.0100287345150217,0.000100575515972787
0.01,3,"True",181,0.00529178061490759,0.00529178061490759,0,0
0.01,3,"SoftProxy",181,-0.00218272242745428,0.00529178061490759,-0.00747450304236187,5.58681957302768e-05
0.01,3,"HardProxy",181,0.00128462739595014,0.00529178061490759,-0.00400715321895744,1.6057276920201e-05
0.01,3,"IPW",181,0.0120927493540939,0.00529178061490759,0.00680096873918633,4.62531757913896e-05
0.01,3,"Augmented",181,0.00121498495458399,0.00529178061490759,-0.0040767956603236,1.66202628560333e-05
0.01,3,"SoftProxyMisspecified",181,0.00787819594201545,0.00529178061490759,0.00258641532710786,6.68954424429848e-06
0.01,3,"AugmentedMisspecified",181,0.00546722433208411,0.00529178061490759,0.000175443717176526,3.07804978967167e-08
0.01,4,"True",187,0.00529178061490759,0.00529178061490759,0,0
0.01,4,"SoftProxy",187,0.0100689234740583,0.00529178061490759,0.00477714285915067,2.28210938967342e-05
0.01,4,"HardProxy",187,0.019681521281671,0.00529178061490759,0.0143897406667634,0.000207064636456704
0.01,4,"IPW",187,0.0196755478762943,0.00529178061490759,0.0143837672613867,0.000206892760629739
0.01,4,"Augmented",187,0.00972587783791436,0.00529178061490759,0.00443409722300677,1.96612181830763e-05
0.01,4,"SoftProxyMisspecified",187,0.0113516288527889,0.00529178061490759,0.00605984823788136,3.67217606661538e-05
0.01,4,"AugmentedMisspecified",187,0.0158306385174616,0.00529178061490759,0.010538857902554,0.000111067525890225
0.01,5,"True",181,0.00529178061490759,0.00529178061490759,0,0
0.01,5,"SoftProxy",181,0.00431600595994954,0.00529178061490759,-0.000975774654958044,9.5213617725849e-07
0.01,5,"HardProxy",181,0.0112699098773751,0.00529178061490759,0.00597812926246752,3.57380294787705e-05
0.01,5,"IPW",181,0.00414341952483566,0.00529178061490759,-0.00114836109007193,1.31873319319118e-06
0.01,5,"Augmented",181,0.00483011118958096,0.00529178061490759,-0.000461669425326623,2.13138658281414e-07
0.01,5,"SoftProxyMisspecified",181,0.0137348467639888,0.00529178061490759,0.00844306614908123,7.12853659977614e-05
0.01,5,"AugmentedMisspecified",181,0.00723991445915536,0.00529178061490759,0.00194813384424777,3.7952254751036e-06
0.01,6,"True",167,0.00529178061490759,0.00529178061490759,0,0
0.01,6,"SoftProxy",167,0.00879565115548213,0.00529178061490759,0.00350387054057454,1.22771087651061e-05
0.01,6,"HardProxy",167,0.0188523503661979,0.00529178061490759,0.0135605697512903,0.000183889051979611
0.01,6,"IPW",167,0.0106652634797992,0.00529178061490759,0.00537348286489161,2.88743180992838e-05
0.01,6,"Augmented",167,0.00878461226481303,0.00529178061490759,0.00349283164990545,1.21998729345812e-05
0.01,6,"SoftProxyMisspecified",167,0.00769485878959461,0.00529178061490759,0.00240307817468702,5.77478471365711e-06
0.01,6,"AugmentedMisspecified",167,0.011179636212562,0.00529178061490759,0.00588785559765445,3.46668435388309e-05
0.01,7,"True",174,0.00529178061490759,0.00529178061490759,0,0
0.01,7,"SoftProxy",174,0.00962495318107709,0.00529178061490759,0.00433317256616951,1.8776384488204e-05
0.01,7,"HardProxy",174,0.0220969766812554,0.00529178061490759,0.0168051960663478,0.000282414614828391
0.01,7,"IPW",174,0.00686228943554769,0.00529178061490759,0.0015705088206401,2.46649795570837e-06
0.01,7,"Augmented",174,0.013238651668107,0.00529178061490759,0.00794687105319941,6.31527595361787e-05
0.01,7,"SoftProxyMisspecified",174,0.00977222755416393,0.00529178061490759,0.00448044693925635,2.00744047754916e-05
0.01,7,"AugmentedMisspecified",174,0.0160699958736502,0.00529178061490759,0.0107782152587426,0.000116169924163792
0.01,8,"True",193,0.00529178061490759,0.00529178061490759,0,0
0.01,8,"SoftProxy",193,-0.00124164982789577,0.00529178061490759,-0.00653343044280335,4.26857133509496e-05
0.01,8,"HardProxy",193,0.00269277838573682,0.00529178061490759,-0.00259900222917077,6.75481258723461e-06
0.01,8,"IPW",193,-0.0193469239335263,0.00529178061490759,-0.0246387045484339,0.000607065761825016
0.01,8,"Augmented",193,-0.00905150119294839,0.00529178061490759,-0.014343281807856,0.000205729733019572
0.01,8,"SoftProxyMisspecified",193,-0.00309549790387915,0.00529178061490759,-0.00838727851878674,7.03464409517014e-05
0.01,8,"AugmentedMisspecified",193,-0.00301593673894072,0.00529178061490759,-0.0083077173538483,6.90181676314322e-05
0.01,9,"True",188,0.00529178061490759,0.00529178061490759,0,0
0.01,9,"SoftProxy",188,0.00257295252005094,0.00529178061490759,-0.00271882809485665,7.39202620938183e-06
0.01,9,"HardProxy",188,0.00816327460424562,0.00529178061490759,0.00287149398933803,8.24547773080444e-06
0.01,9,"IPW",188,0.00281904359136788,0.00529178061490759,-0.00247273702353971,6.11442838758401e-06
0.01,9,"Augmented",188,0.00124829879956373,0.00529178061490759,-0.00404348181534386,1.63497451910165e-05
0.01,9,"SoftProxyMisspecified",188,0.00463166129158805,0.00529178061490759,-0.000660119323319535,4.35757521019841e-07
0.01,9,"AugmentedMisspecified",188,0.000995476636117919,0.00529178061490759,-0.00429630397878967,1.84582278781639e-05
0.01,10,"True",180,0.00529178061490759,0.00529178061490759,0,0
0.01,10,"SoftProxy",180,0.0053850205928405,0.00529178061490759,9.32399779329119e-05,8.6936934849299e-09
0.01,10,"HardProxy",180,0.0129344578139617,0.00529178061490759,0.00764267719905413,5.84105147689419e-05
0.01,10,"IPW",180,0.00643855737437957,0.00529178061490759,0.00114677675947199,1.31509693606507e-06
0.01,10,"Augmented",180,0.00613275551417968,0.00529178061490759,0.000840974899272096,7.07238781205711e-07
0.01,10,"SoftProxyMisspecified",180,0.0044717335431004,0.00529178061490759,-0.000820047071807183,6.72477199979536e-07
0.01,10,"AugmentedMisspecified",180,0.00227273958948695,0.00529178061490759,-0.00301904102542064,9.11460871317289e-06
0.01,11,"True",182,0.00529178061490759,0.00529178061490759,0,0
0.01,11,"SoftProxy",182,0.00223424321402727,0.00529178061490759,-0.00305753740088031,9.34853495778194e-06
0.01,11,"HardProxy",182,0.00683396513869792,0.00529178061490759,0.00154218452379034,2.37833310541843e-06
0.01,11,"IPW",182,-0.0057145789501121,0.00529178061490759,-0.0110063595650197,0.0001211399508745
0.01,11,"Augmented",182,0.00151324196677905,0.00529178061490759,-0.00377853864812854,1.4277354315401e-05
0.01,11,"SoftProxyMisspecified",182,-0.000380451719557212,0.00529178061490759,-0.0056722323344648,3.2174219656148e-05
0.01,11,"AugmentedMisspecified",182,0.00271353557713005,0.00529178061490759,-0.00257824503777754,6.6473474748245e-06
0.01,12,"True",187,0.00529178061490759,0.00529178061490759,0,0
0.01,12,"SoftProxy",187,0.0141110346695905,0.00529178061490759,0.00881925405468287,7.77792420810403e-05
0.01,12,"HardProxy",187,0.0262104918612313,0.00529178061490759,0.0209187112463237,0.000437592480207068
0.01,12,"IPW",187,0.0230645396045514,0.00529178061490759,0.0177727589896438,0.000315870962103964
0.01,12,"Augmented",187,0.0155061525389797,0.00529178061490759,0.0102143719240721,0.000104333393803272
0.01,12,"SoftProxyMisspecified",187,0.0135923098610299,0.00529178061490759,0.00830052924612231,6.88987857657318e-05
0.01,12,"AugmentedMisspecified",187,0.0130657203270147,0.00529178061490759,0.00777393971210708,6.04341386474755e-05
0.01,13,"True",186,0.00529178061490759,0.00529178061490759,0,0
0.01,13,"SoftProxy",186,0.0094841731403591,0.00529178061490759,0.00419239252545152,1.75761550874617e-05
0.01,13,"HardProxy",186,0.0194654822413738,0.00529178061490759,0.0141737016264662,0.00020089381779609
0.01,13,"IPW",186,0.0303974746612189,0.00529178061490759,0.0251056940463113,0.000630295873546992
0.01,13,"Augmented",186,0.011885227532619,0.00529178061490759,0.00659344691771139,4.34735422566778e-05
0.01,13,"SoftProxyMisspecified",186,0.00714332859854962,0.00529178061490759,0.00185154798364204,3.42822993572889e-06
0.01,13,"AugmentedMisspecified",186,0.0147150828680124,0.00529178061490759,0.00942330225310483,8.87986253533705e-05
0.01,14,"True",190,0.00529178061490759,0.00529178061490759,0,0
0.01,14,"SoftProxy",190,0.0108076943979429,0.00529178061490759,0.00551591378303532,3.04253048618791e-05
0.01,14,"HardProxy",190,0.019835989666635,0.00529178061490759,0.0145442090517274,0.00021153401694035
0.01,14,"IPW",190,0.019672771946735,0.00529178061490759,0.0143809913318274,0.000206812911686094
0.01,14,"Augmented",190,0.0178195844072184,0.00529178061490759,0.0125278037923108,0.000156945867858638
0.01,14,"SoftProxyMisspecified",190,0.0125507649146886,0.00529178061490759,0.00725898429978103,5.26928530644676e-05
0.01,14,"AugmentedMisspecified",190,0.0156060082756311,0.00529178061490759,0.0103142276607235,0.000106383292237234
0.01,15,"True",182,0.00529178061490759,0.00529178061490759,0,0
0.01,15,"SoftProxy",182,0.00706659587147989,0.00529178061490759,0.0017748152565723,3.1499691949618e-06
0.01,15,"HardProxy",182,0.0167292360291564,0.00529178061490759,0.0114374554142488,0.000130815386352929
0.01,15,"IPW",182,0.0186809677619202,0.00529178061490759,0.0133891871470126,0.000179270332457728
0.01,15,"Augmented",182,0.0135548559262824,0.00529178061490759,0.00826307531137483,6.82784136014522e-05
0.01,15,"SoftProxyMisspecified",182,0.00836013261298771,0.00529178061490759,0.00306835199808012,9.41478398412228e-06
0.01,15,"AugmentedMisspecified",182,0.0129462944689063,0.00529178061490759,0.00765451385399873,5.85915823410585e-05
0.01,16,"True",173,0.00529178061490759,0.00529178061490759,0,0
0.01,16,"SoftProxy",173,0.012443533784175,0.00529178061490759,0.00715175316926741,5.11475733941265e-05
0.01,16,"HardProxy",173,0.0297053413648092,0.00529178061490759,0.0244135607499016,0.000596021948489138
0.01,16,"IPW",173,-0.00652144324270628,0.00529178061490759,-0.0118132238576139,0.000139552257910098
0.01,16,"Augmented",173,0.015868811871242,0.00529178061490759,0.0105770312563344,0.000111873590197476
0.01,16,"SoftProxyMisspecified",173,0.00896811134383075,0.00529178061490759,0.00367633072892317,1.35154076284248e-05
0.01,16,"AugmentedMisspecified",173,0.00991596931229693,0.00529178061490759,0.00462418869738935,2.13831211090634e-05
0.01,17,"True",198,0.00529178061490759,0.00529178061490759,0,0
0.01,17,"SoftProxy",198,-0.00364836073729899,0.00529178061490759,-0.00894014135220658,7.99261273974341e-05
0.01,17,"HardProxy",198,-0.00220475649462393,0.00529178061490759,-0.00749653710953151,5.61980686345831e-05
0.01,17,"IPW",198,0.00371016631461371,0.00529178061490759,-0.00158161430029387,2.50150379489407e-06
0.01,17,"Augmented",198,0.00103816767842608,0.00529178061490759,-0.00425361293648151,1.80932230134028e-05
0.01,17,"SoftProxyMisspecified",198,-0.00179450683265764,0.00529178061490759,-0.00708628744756523,5.02154697895205e-05
0.01,17,"AugmentedMisspecified",198,0.00213947237421109,0.00529178061490759,-0.0031523082406965,9.93704724436307e-06
0.01,18,"True",177,0.00529178061490759,0.00529178061490759,0,0
0.01,18,"SoftProxy",177,0.00601849911848127,0.00529178061490759,0.000726718503573687,5.2811978343638e-07
0.01,18,"HardProxy",177,0.013675329366751,0.00529178061490759,0.00838354875184343,7.02838896745356e-05
0.01,18,"IPW",177,0.00533839956707274,0.00529178061490759,4.66189521651575e-05,2.17332670097724e-09
0.01,18,"Augmented",177,0.00422236478174139,0.00529178061490759,-0.0010694158331662,1.14365022422655e-06
0.01,18,"SoftProxyMisspecified",177,0.00296454818361954,0.00529178061490759,-0.00232723243128805,5.41601078923888e-06
0.01,18,"AugmentedMisspecified",177,0.00533892893603716,0.00529178061490759,4.71483211295703e-05,2.22296418533709e-09
0.01,19,"True",183,0.00529178061490759,0.00529178061490759,0,0
0.01,19,"SoftProxy",183,0.00115710982398018,0.00529178061490759,-0.0041346707909274,1.70955025493482e-05
0.01,19,"HardProxy",183,0.00707854948187832,0.00529178061490759,0.00178676886697073,3.19254298397587e-06
0.01,19,"IPW",183,-0.00310028728271181,0.00529178061490759,-0.00839206789761939,7.0426803598254e-05
0.01,19,"Augmented",183,0.000942567159001141,0.00529178061490759,-0.00434921345590645,1.89156576850377e-05
0.01,19,"SoftProxyMisspecified",183,0.00630191308896822,0.00529178061490759,0.00101013247406064,1.02036761515186e-06
0.01,19,"AugmentedMisspecified",183,0.00659581501629288,0.00529178061490759,0.00130403440138529,1.70050571999629e-06
0.01,20,"True",187,0.00529178061490759,0.00529178061490759,0,0
0.01,20,"SoftProxy",187,-0.000346960901229362,0.00529178061490759,-0.00563874151613695,3.17954058858064e-05
0.01,20,"HardProxy",187,0.00437633892322792,0.00529178061490759,-0.000915441691679666,8.38033490865329e-07
0.01,20,"IPW",187,-0.000757839461062016,0.00529178061490759,-0.0060496200759696,3.65979030635745e-05
0.01,20,"Augmented",187,-0.00267962409809148,0.00529178061490759,-0.00797140471299906,6.35432930984237e-05
0.01,20,"SoftProxyMisspecified",187,-0.000844067055117944,0.00529178061490759,-0.00613584767002553,3.76486266297577e-05
0.01,20,"AugmentedMisspecified",187,-0.00237484674983707,0.00529178061490759,-0.00766662736474466,5.87771751498516e-05
0.02,1,"True",346,0.00529178061490759,0.00529178061490759,0,0
0.02,1,"SoftProxy",346,0.00220205972508945,0.00529178061490759,-0.00308972088981813,9.54637517697855e-06
0.02,1,"HardProxy",346,0.0112794924961603,0.00529178061490759,0.00598771188125271,3.58526935728948e-05
0.02,1,"IPW",346,-0.00565204271911058,0.00529178061490759,-0.0109438233340182,0.0001197672691662
0.02,1,"Augmented",346,0.00184150493534022,0.00529178061490759,-0.00345027567956737,1.1904402265014e-05
0.02,1,"SoftProxyMisspecified",346,0.00160311868172879,0.00529178061490759,-0.00368866193317879,1.36062268572823e-05
0.02,1,"AugmentedMisspecified",346,0.00234176208780155,0.00529178061490759,-0.00295001852710604,8.70260931026888e-06
0.02,2,"True",359,0.00529178061490759,0.00529178061490759,0,0
0.02,2,"SoftProxy",359,-0.00214897818503954,0.00529178061490759,-0.00744075879994713,5.53648915189907e-05
0.02,2,"HardProxy",359,0.00151183542727034,0.00529178061490759,-0.00377994518763724,1.4287985621542e-05
0.02,2,"IPW",359,0.0106651256751476,0.00529178061490759,0.00537334506023999,2.88728371364055e-05
0.02,2,"Augmented",359,-0.00286994037669206,0.00529178061490759,-0.00816172099159964,6.66136895447183e-05
0.02,2,"SoftProxyMisspecified",359,-0.00292821016585619,0.00529178061490759,-0.00821999078076378,6.75682484358415e-05
0.02,2,"AugmentedMisspecified",359,-0.00284084249400362,0.00529178061490759,-0.00813262310891121,6.61395586315966e-05
0.02,3,"True",389,0.00529178061490759,0.00529178061490759,0,0
0.02,3,"SoftProxy",389,0.0106168785201503,0.00529178061490759,0.00532509790524267,2.83566677004199e-05
0.02,3,"HardProxy",389,0.0278899532641045,0.00529178061490759,0.0225981726491969,0.00051067740708291
0.02,3,"IPW",389,0.0191148784611463,0.00529178061490759,0.0138230978462387,0.000191078034066689
0.02,3,"Augmented",389,0.0124879915634866,0.00529178061490759,0.00719621094857901,5.17854520164484e-05
0.02,3,"SoftProxyMisspecified",389,0.00916533291382911,0.00529178061490759,0.00387355229892152,1.50044074124802e-05
0.02,3,"AugmentedMisspecified",389,0.0122349960906697,0.00529178061490759,0.00694321547576209,4.82082411428622e-05
0.02,4,"True",363,0.00529178061490759,0.00529178061490759,0,0
0.02,4,"SoftProxy",363,0.0106725786104302,0.00529178061490759,0.00538079799552266,2.89529870686207e-05
0.02,4,"HardProxy",363,0.0234413422526567,0.00529178061490759,0.0181495616377491,0.000329406587642453
0.02,4,"IPW",363,0.00870316176430381,0.00529178061490759,0.00341138114939622,1.16375213464559e-05
0.02,4,"Augmented",363,0.00963357280866612,0.00529178061490759,0.00434179219375853,1.88511594537825e-05
0.02,4,"SoftProxyMisspecified",363,0.0114731730609339,0.00529178061490759,0.00618139244602632,3.82096125717913e-05
0.02,4,"AugmentedMisspecified",363,0.0105360861059508,0.00529178061490759,0.00524430549104325,2.75027400833864e-05
0.02,5,"True",373,0.00529178061490759,0.00529178061490759,0,0
0.02,5,"SoftProxy",373,0.00257438379245361,0.00529178061490759,-0.00271739682245398,7.38424549068299e-06
0.02,5,"HardProxy",373,0.008440212518912,0.00529178061490759,0.00314843190400441,9.91262345415285e-06
0.02,5,"IPW",373,-0.00282544187443448,0.00529178061490759,-0.00811722248934207,6.58893009414807e-05
0.02,5,"Augmented",373,0.0020602287946177,0.00529178061490759,-0.00323155182028989,1.04429271672189e-05
0.02,5,"SoftProxyMisspecified",373,0.00385166357162802,0.00529178061490759,-0.00144011704327957,2.07393709834428e-06
0.02,5,"AugmentedMisspecified",373,-0.000880235043713009,0.00529178061490759,-0.0061720156586206,3.80937772902578e-05
0.02,6,"True",360,0.00529178061490759,0.00529178061490759,0,0
0.02,6,"SoftProxy",360,0.00447031262223775,0.00529178061490759,-0.000821467992669835,6.74809662981007e-07
0.02,6,"HardProxy",360,0.0103410640701529,0.00529178061490759,0.00504928345524531,2.5495263411414e-05
0.02,6,"IPW",360,0.00554573342642702,0.00529178061490759,0.000253952811519438,6.4492030478627e-08
0.02,6,"Augmented",360,0.00595124252905151,0.00529178061490759,0.000659461914143923,4.34890016206367e-07
0.02,6,"SoftProxyMisspecified",360,0.00678204232492502,0.00529178061490759,0.00149026171001744,2.22087996434409e-06
0.02,6,"AugmentedMisspecified",360,0.00635809104077486,0.00529178061490759,0.00106631042586727,1.13701792431324e-06
0.02,7,"True",391,0.00529178061490759,0.00529178061490759,0,0
0.02,7,"SoftProxy",391,0.011676521875376,0.00529178061490759,0.0063847412604684,4.07649209631276e-05
0.02,7,"HardProxy",391,0.0273824269127763,0.00529178061490759,0.0220906462978687,0.00048799665385754
0.02,7,"IPW",391,0.0104741359502972,0.00529178061490759,0.00518235533538956,2.68568068222407e-05
0.02,7,"Augmented",391,0.0113624486069794,0.00529178061490759,0.00607066799207178,3.68530098699648e-05
0.02,7,"SoftProxyMisspecified",391,0.00819852310974732,0.00529178061490759,0.00290674249483973,8.44915193130711e-06
0.02,7,"AugmentedMisspecified",391,0.0132331191574792,0.00529178061490759,0.00794133854257164,6.30648578477339e-05
0.02,8,"True",344,0.00529178061490759,0.00529178061490759,0,0
0.02,8,"SoftProxy",344,0.00555554277079219,0.00529178061490759,0.000263762155884602,6.95704748768931e-08
0.02,8,"HardProxy",344,0.0158300407647674,0.00529178061490759,0.0105382601498598,0.000111054926986123
0.02,8,"IPW",344,0.00725801022318234,0.00529178061490759,0.00196622960827475,3.86605887245629e-06
0.02,8,"Augmented",344,0.00450770446762419,0.00529178061490759,-0.000784076147283394,6.1477540473877e-07
0.02,8,"SoftProxyMisspecified",344,0.00498433068770963,0.00529178061490759,-0.000307449927197953,9.45254577340269e-08
0.02,8,"AugmentedMisspecified",344,0.00550468632459179,0.00529178061490759,0.0002129057096842,4.53288412161331e-08
0.02,9,"True",368,0.00529178061490759,0.00529178061490759,0,0
0.02,9,"SoftProxy",368,0.00482595128627153,0.00529178061490759,-0.000465829328636055,2.16996963417518e-07
0.02,9,"HardProxy",368,0.0100001819101933,0.00529178061490759,0.00470840129528569,2.21690427574479e-05
0.02,9,"IPW",368,0.00888012110891061,0.00529178061490759,0.00358834049400302,1.28761875009018e-05
0.02,9,"Augmented",368,0.00454450302404516,0.00529178061490759,-0.000747277590862423,5.58423797805146e-07
0.02,9,"SoftProxyMisspecified",368,0.00571111159352669,0.00529178061490759,0.0004193309786191,1.75838469629652e-07
0.02,9,"AugmentedMisspecified",368,0.0022147998987746,0.00529178061490759,-0.00307698071613299,9.46781032745428e-06
0.02,10,"True",392,0.00529178061490759,0.00529178061490759,0,0
0.02,10,"SoftProxy",392,0.00351607466136254,0.00529178061490759,-0.00177570595354504,3.15313163345531e-06
0.02,10,"HardProxy",392,0.0113579486470617,0.00529178061490759,0.00606616803215411,3.67983945943285e-05
0.02,10,"IPW",392,0.00577188049538264,0.00529178061490759,0.000480099880475051,2.30495895232158e-07
0.02,10,"Augmented",392,0.00420207625562162,0.00529178061490759,-0.00108970435928596,1.18745559064683e-06
0.02,10,"SoftProxyMisspecified",392,0.00512980338172097,0.00529178061490759,-0.000161977233186621,2.62366240707929e-08
0.02,10,"AugmentedMisspecified",392,0.00438994715085155,0.00529178061490759,-0.000901833464056033,8.13303596891303e-07
0.02,11,"True",393,0.00529178061490759,0.00529178061490759,0,0
0.02,11,"SoftProxy",393,0.00244062651289461,0.00529178061490759,-0.00285115410201298,8.12907971342544e-06
0.02,11,"HardProxy",393,0.0119461553833441,0.00529178061490759,0.00665437476843648,4.4280703558804e-05
0.02,11,"IPW",393,-0.00518242419086945,0.00529178061490759,-0.010474204805777,0.000109708966313363
0.02,11,"Augmented",393,0.0032144827049503,0.00529178061490759,-0.00207729790995729,4.31516660671293e-06
0.02,11,"SoftProxyMisspecified",393,0.00498339204249246,0.00529178061490759,-0.000308388572415123,9.51035115962375e-08
0.02,11,"AugmentedMisspecified",393,0.00491719415616749,0.00529178061490759,-0.000374586458740099,1.40315015071448e-07
0.02,12,"True",376,0.00529178061490759,0.00529178061490759,0,0
0.02,12,"SoftProxy",376,0.00513894974525717,0.00529178061490759,-0.000152830869650421,2.33572747181039e-08
0.02,12,"HardProxy",376,0.0133756372568225,0.00529178061490759,0.0080838566419149,6.53487382070316e-05
0.02,12,"IPW",376,0.00847595879346099,0.00529178061490759,0.0031841781785534,1.01389906727757e-05
0.02,12,"Augmented",376,0.00677285602040449,0.00529178061490759,0.0014810754054969,2.19358435676781e-06
0.02,12,"SoftProxyMisspecified",376,0.00264404743948213,0.00529178061490759,-0.00264773317542546,7.01049096824859e-06
0.02,12,"AugmentedMisspecified",376,0.00664636475918298,0.00529178061490759,0.00135458414427539,1.83489820392229e-06
0.02,13,"True",357,0.00529178061490759,0.00529178061490759,0,0
0.02,13,"SoftProxy",357,0.00570359513525458,0.00529178061490759,0.000411814520346999,1.69591199168629e-07
0.02,13,"HardProxy",357,0.0145549347425349,0.00529178061490759,0.00926315412762732,8.58060243921791e-05
0.02,13,"IPW",357,0.010941992744616,0.00529178061490759,0.00565021212970843,3.19248971107043e-05
0.02,13,"Augmented",357,0.00579982481289387,0.00529178061490759,0.000508044197986279,2.58108907107522e-07
0.02,13,"SoftProxyMisspecified",357,0.00579484933841636,0.00529178061490759,0.000503068723508774,2.53078140572748e-07
0.02,13,"AugmentedMisspecified",357,0.00620543648906972,0.00529178061490759,0.000913655874162134,8.34767056390972e-07
0.02,14,"True",342,0.00529178061490759,0.00529178061490759,0,0
0.02,14,"SoftProxy",342,-7.20537420355666e-05,0.00529178061490759,-0.00536383435694315,2.87707190087238e-05
0.02,14,"HardProxy",342,0.00476638144945532,0.00529178061490759,-0.00052539916545227,2.76044283057942e-07
0.02,14,"IPW",342,0.00370535269421319,0.00529178061490759,-0.00158642792069439,2.51675354755873e-06
0.02,14,"Augmented",342,-0.000408743796557364,0.00529178061490759,-0.00570052441146495,3.24959785657078e-05
0.02,14,"SoftProxyMisspecified",342,0.00361865369429259,0.00529178061490759,-0.00167312692061499,2.7993536924866e-06
0.02,14,"AugmentedMisspecified",342,0.000225884870956577,0.00529178061490759,-0.00506589574395101,2.5663299688581e-05
0.02,15,"True",344,0.00529178061490759,0.00529178061490759,0,0
0.02,15,"SoftProxy",344,0.00401327530228345,0.00529178061490759,-0.00127850531262413,1.63457583440813e-06
0.02,15,"HardProxy",344,0.0169719917759548,0.00529178061490759,0.0116802111610473,0.000136427332766653
0.02,15,"IPW",344,-0.00313667002666213,0.00529178061490759,-0.00842845064156972,7.1038780217377e-05
0.02,15,"Augmented",344,0.00192724904322254,0.00529178061490759,-0.00336453157168504,1.13200726968654e-05
0.02,15,"SoftProxyMisspecified",344,0.00447941069561994,0.00529178061490759,-0.000812369919287641,6.59944885763408e-07
0.02,15,"AugmentedMisspecified",344,0.00121974323579017,0.00529178061490759,-0.00407203737911742,1.65814884169294e-05
0.02,16,"True",363,0.00529178061490759,0.00529178061490759,0,0
0.02,16,"SoftProxy",363,-0.00212189008911002,0.00529178061490759,-0.00741367070401761,5.4962513307609e-05
0.02,16,"HardProxy",363,-0.000205921588298246,0.00529178061490759,-0.00549770220320583,3.02247295151343e-05
0.02,16,"IPW",363,-0.000606404711273806,0.00529178061490759,-0.00589818532618139,3.47885901419815e-05
0.02,16,"Augmented",363,-0.000424819045178115,0.00529178061490759,-0.0057165996600857,3.26795116736919e-05
0.02,16,"SoftProxyMisspecified",363,-0.00112442867399,0.00529178061490759,-0.00641620928889759,4.11677416389357e-05
0.02,16,"AugmentedMisspecified",363,-0.000957195676828862,0.00529178061490759,-0.00624897629173645,3.90497046946842e-05
0.02,17,"True",329,0.00529178061490759,0.00529178061490759,0,0
0.02,17,"SoftProxy",329,0.00914379738639845,0.00529178061490759,0.00385201677149087,1.48380332078469e-05
0.02,17,"HardProxy",329,0.0189059582129725,0.00529178061490759,0.0136141775980649,0.000185345831671653
0.02,17,"IPW",329,0.00658859467455394,0.00529178061490759,0.00129681405964635,1.68172670529645e-06
0.02,17,"Augmented",329,0.0101151696237947,0.00529178061490759,0.00482338900888716,2.32650815310535e-05
0.02,17,"SoftProxyMisspecified",329,0.00582462755144554,0.00529178061490759,0.000532846936537957,2.83925857777886e-07
0.02,17,"AugmentedMisspecified",329,0.00919858209659459,0.00529178061490759,0.003906801481687,1.52630978173118e-05
0.02,18,"True",358,0.00529178061490759,0.00529178061490759,0,0
0.02,18,"SoftProxy",358,0.00279107025941012,0.00529178061490759,-0.00250071035549747,6.25355228209228e-06
0.02,18,"HardProxy",358,0.00881558206613094,0.00529178061490759,0.00352380145122335,1.24171766676438e-05
0.02,18,"IPW",358,-0.00511035261938855,0.00529178061490759,-0.0104021332342961,0.000108204375824048
0.02,18,"Augmented",358,0.00311582214084366,0.00529178061490759,-0.00217595847406392,4.7347952808506e-06
0.02,18,"SoftProxyMisspecified",358,0.00393914148596139,0.00529178061490759,-0.0013526391289462,1.82963261315632e-06
0.02,18,"AugmentedMisspecified",358,0.00149428774850686,0.00529178061490759,-0.00379749286640073,1.44209520703644e-05
0.02,19,"True",363,0.00529178061490759,0.00529178061490759,0,0
0.02,19,"SoftProxy",363,0.00103443394727409,0.00529178061490759,-0.00425734666763349,1.812500064841e-05
0.02,19,"HardProxy",363,0.00624166120233956,0.00529178061490759,0.000949880587431976,9.02273130380117e-07
0.02,19,"IPW",363,0.0119036340062976,0.00529178061490759,0.00661185339139,4.37166052692354e-05
0.02,19,"Augmented",363,0.000571768299504755,0.00529178061490759,-0.00472001231540283,2.22785162575544e-05
0.02,19,"SoftProxyMisspecified",363,0.00404209403935043,0.00529178061490759,-0.00124968657555716,1.56171653712778e-06
0.02,19,"AugmentedMisspecified",363,0.00139034643650445,0.00529178061490759,-0.00390143417840314,1.52211886484122e-05
0.02,20,"True",396,0.00529178061490759,0.00529178061490759,0,0
0.02,20,"SoftProxy",396,0.00919233230741458,0.00529178061490759,0.003900551692507,1.52143035059192e-05
0.02,20,"HardProxy",396,0.0218199343634764,0.00529178061490759,0.0165281537485688,0.00027317986633633
0.02,20,"IPW",396,0.0123376671363678,0.00529178061490759,0.0070458865214602,4.96445168732945e-05
0.02,20,"Augmented",396,0.00966806210414213,0.00529178061490759,0.00437628148923455,1.91518396730169e-05
0.02,20,"SoftProxyMisspecified",396,0.00823044723242875,0.00529178061490759,0.00293866661752116,8.63576148893326e-06
0.02,20,"AugmentedMisspecified",396,0.00906502566622241,0.00529178061490759,0.00377324505131483,1.42373782172718e-05
0.05,1,"True",897,0.00529178061490759,0.00529178061490759,0,0
0.05,1,"SoftProxy",897,0.00579695434784883,0.00529178061490759,0.000505173732941239,2.55200500453786e-07
0.05,1,"HardProxy",897,0.0145647991440069,0.00529178061490759,0.00927301852909928,8.59888726410186e-05
0.05,1,"IPW",897,0.00403891469645605,0.00529178061490759,-0.00125286591845154,1.56967300961741e-06
0.05,1,"Augmented",897,0.00557053940091942,0.00529178061490759,0.000278758786011829,7.77064607787887e-08
0.05,1,"SoftProxyMisspecified",897,0.00643392646685232,0.00529178061490759,0.00114214585194474,1.30449714711457e-06
0.05,1,"AugmentedMisspecified",897,0.00611292727920388,0.00529178061490759,0.000821146664296291,6.74281844284925e-07
0.05,2,"True",886,0.00529178061490759,0.00529178061490759,0,0
0.05,2,"SoftProxy",886,0.00273252302932151,0.00529178061490759,-0.00255925758558608,6.54979938937989e-06
0.05,2,"HardProxy",886,0.00706048247710793,0.00529178061490759,0.00176870186220035,3.12830627735098e-06
0.05,2,"IPW",886,-0.00112967250236693,0.00529178061490759,-0.00642145311727452,4.12350601373546e-05
0.05,2,"Augmented",886,0.00375115447952631,0.00529178061490759,-0.00154062613538127,2.37352888901984e-06
0.05,2,"SoftProxyMisspecified",886,0.00341851772955908,0.00529178061490759,-0.0018732628853485,3.5091138376242e-06
0.05,2,"AugmentedMisspecified",886,0.00422295275716522,0.00529178061490759,-0.00106882785774237,1.14239298948613e-06
0.05,3,"True",847,0.00529178061490759,0.00529178061490759,0,0
0.05,3,"SoftProxy",847,0.00795268638807656,0.00529178061490759,0.00266090577316897,7.08041953368395e-06
0.05,3,"HardProxy",847,0.0243470094956714,0.00529178061490759,0.0190552288807638,0.000363101747698296
0.05,3,"IPW",847,0.00902882799379176,0.00529178061490759,0.00373704737888417,1.39655231120251e-05
0.05,3,"Augmented",847,0.00804565246990127,0.00529178061490759,0.00275387185499369,7.58381019372638e-06
0.05,3,"SoftProxyMisspecified",847,0.00700707349207443,0.00529178061490759,0.00171529287716684,2.9422296544593e-06
0.05,3,"AugmentedMisspecified",847,0.0077259548815123,0.00529178061490759,0.00243417426660471,5.9252043602006e-06
0.05,4,"True",929,0.00529178061490759,0.00529178061490759,0,0
0.05,4,"SoftProxy",929,0.00571124304958204,0.00529178061490759,0.000419462434674452,1.75948734103019e-07
0.05,4,"HardProxy",929,0.0165403058566349,0.00529178061490759,0.0112485252417274,0.000126529320113778
0.05,4,"IPW",929,0.00323549946500482,0.00529178061490759,-0.00205628114990277,4.22829216744545e-06
0.05,4,"Augmented",929,0.00609069184811444,0.00529178061490759,0.000798911233206857,6.38259158544101e-07
0.05,4,"SoftProxyMisspecified",929,0.00550287949885619,0.00529178061490759,0.000211098883948602,4.45627388043452e-08
0.05,4,"AugmentedMisspecified",929,0.00597450367791089,0.00529178061490759,0.000682723063003304,4.66110780756614e-07
0.05,5,"True",868,0.00529178061490759,0.00529178061490759,0,0
0.05,5,"SoftProxy",868,0.0026801143415716,0.00529178061490759,-0.00261166627333598,6.82080072328066e-06
0.05,5,"HardProxy",868,0.0104506999384806,0.00529178061490759,0.00515891932357303,2.66144485871352e-05
0.05,5,"IPW",868,0.00997656299704182,0.00529178061490759,0.00468478238213423,2.19471859679553e-05
0.05,5,"Augmented",868,0.00375676225374413,0.00529178061490759,-0.00153501836116346,2.35628136910894e-06
0.05,5,"SoftProxyMisspecified",868,0.00421978201713194,0.00529178061490759,-0.00107199859777564,1.14918099363294e-06
0.05,5,"AugmentedMisspecified",868,0.00457005476281803,0.00529178061490759,-0.000721725852089556,5.20888205574396e-07
0.05,6,"True",955,0.00529178061490759,0.00529178061490759,0,0
0.05,6,"SoftProxy",955,0.012287146902588,0.00529178061490759,0.00699536628768038,4.89351494988151e-05
0.05,6,"HardProxy",955,0.0288394347125509,0.00529178061490759,0.0235476540976433,0.000554492013502259
0.05,6,"IPW",955,0.0119333215026314,0.00529178061490759,0.00664154088772377,4.41100653633067e-05
0.05,6,"Augmented",955,0.0118248920443698,0.00529178061490759,0.0065331114294622,4.26815449497696e-05
0.05,6,"SoftProxyMisspecified",955,0.0121500593801087,0.00529178061490759,0.00685827876520108,4.70359876212081e-05
0.05,6,"AugmentedMisspecified",955,0.0115799776000209,0.00529178061490759,0.00628819698511336,3.95414213235888e-05
0.05,7,"True",861,0.00529178061490759,0.00529178061490759,0,0
0.05,7,"SoftProxy",861,0.00664821861281817,0.00529178061490759,0.00135643799791058,1.83992404217567e-06
0.05,7,"HardProxy",861,0.0197329714338763,0.00529178061490759,0.0144411908189687,0.000208547992269867
0.05,7,"IPW",861,0.00923279606191407,0.00529178061490759,0.00394101544700649,1.55316027535437e-05
0.05,7,"Augmented",861,0.00590438563060351,0.00529178061490759,0.000612605015695922,3.75284905255801e-07
0.05,7,"SoftProxyMisspecified",861,0.0068926354070942,0.00529178061490759,0.00160085479218661,2.56273606566683e-06
0.05,7,"AugmentedMisspecified",861,0.00686042108276806,0.00529178061490759,0.00156864046786047,2.46063291740952e-06
0.05,8,"True",958,0.00529178061490759,0.00529178061490759,0,0
0.05,8,"SoftProxy",958,0.00801251171856797,0.00529178061490759,0.00272073110366038,7.40237773842505e-06
0.05,8,"HardProxy",958,0.02453974714702,0.00529178061490759,0.0192479665321124,0.000370484215621321
0.05,8,"IPW",958,0.0111431347769262,0.00529178061490759,0.00585135416201857,3.4238345529372e-05
0.05,8,"Augmented",958,0.0075516069436554,0.00529178061490759,0.00225982632874781,5.10681503610182e-06
0.05,8,"SoftProxyMisspecified",958,0.00781776168831842,0.00529178061490759,0.00252598107341083,6.38058038322973e-06
0.05,8,"AugmentedMisspecified",958,0.0082820057716429,0.00529178061490759,0.00299022515673531,8.94144648797274e-06
0.05,9,"True",956,0.00529178061490759,0.00529178061490759,0,0
0.05,9,"SoftProxy",956,0.0077334820754516,0.00529178061490759,0.00244170146054402,5.96190602242278e-06
0.05,9,"HardProxy",956,0.0240769929478104,0.00529178061490759,0.0187852123329028,0.000352884202392245
0.05,9,"IPW",956,0.00726526598536849,0.00529178061490759,0.00197348537046091,3.89464450742323e-06
0.05,9,"Augmented",956,0.00844598262354916,0.00529178061490759,0.00315420200864158,9.94899031131857e-06
0.05,9,"SoftProxyMisspecified",956,0.00670840020761822,0.00529178061490759,0.00141661959271064,2.00681107045165e-06
0.05,9,"AugmentedMisspecified",956,0.00766282960514234,0.00529178061490759,0.00237104899023475,5.62187331409324e-06
0.05,10,"True",913,0.00529178061490759,0.00529178061490759,0,0
0.05,10,"SoftProxy",913,0.00214784010162245,0.00529178061490759,-0.00314394051328514,9.8843619510756e-06
0.05,10,"HardProxy",913,0.0082882653025728,0.00529178061490759,0.00299648468766521,8.97892048341208e-06
0.05,10,"IPW",913,-0.00101764835661962,0.00529178061490759,-0.0063094289715272,3.98088939467468e-05
0.05,10,"Augmented",913,0.00191976829526395,0.00529178061490759,-0.00337201231964364,1.13704670838285e-05
0.05,10,"SoftProxyMisspecified",913,0.00247851608753019,0.00529178061490759,-0.00281326452737739,7.91445730099995e-06
0.05,10,"AugmentedMisspecified",913,0.00198942542701246,0.00529178061490759,-0.00330235518789513,1.09055497870179e-05
0.05,11,"True",898,0.00529178061490759,0.00529178061490759,0,0
0.05,11,"SoftProxy",898,0.00678402148553614,0.00529178061490759,0.00149224087062856,2.22678281597428e-06
0.05,11,"HardProxy",898,0.0193856584765099,0.00529178061490759,0.0140938778616024,0.000198637393177765
0.05,11,"IPW",898,0.00887636856869941,0.00529178061490759,0.00358458795379182,1.28492707984694e-05
0.05,11,"Augmented",898,0.00821049703630475,0.00529178061490759,0.00291871642139717,8.5189055485335e-06
0.05,11,"SoftProxyMisspecified",898,0.00535093913528645,0.00529178061490759,5.91585203788643e-05,3.4997305334165e-09
0.05,11,"AugmentedMisspecified",898,0.00761219386510149,0.00529178061490759,0.0023204132501939,5.38431765167542e-06
0.05,12,"True",845,0.00529178061490759,0.00529178061490759,0,0
0.05,12,"SoftProxy",845,0.00746388502737465,0.00529178061490759,0.00217210441246706,4.71803757865889e-06
0.05,12,"HardProxy",845,0.0221629224598418,0.00529178061490759,0.0168711418449342,0.00028463542715189
0.05,12,"IPW",845,0.00269145571430879,0.00529178061490759,-0.0026003249005988,6.76168958867415e-06
0.05,12,"Augmented",845,0.00720188481692652,0.00529178061490759,0.00191010420201894,3.6484980625704e-06
0.05,12,"SoftProxyMisspecified",845,0.00613514597044339,0.00529178061490759,0.0008433653555358,7.11265122918026e-07
0.05,12,"AugmentedMisspecified",845,0.00629347648905677,0.00529178061490759,0.00100169587414919,1.00339462428751e-06
0.05,13,"True",904,0.00529178061490759,0.00529178061490759,0,0
0.05,13,"SoftProxy",904,0.00467304203113648,0.00529178061490759,-0.000618738583771102,3.82837435047068e-07
0.05,13,"HardProxy",904,0.0125231862894254,0.00529178061490759,0.00723140567451786,5.22932280294491e-05
0.05,13,"IPW",904,0.00142762134014923,0.00529178061490759,-0.00386415927475835,1.4931726900701e-05
0.05,13,"Augmented",904,0.00541387380690603,0.00529178061490759,0.000122093191998442,1.49067475323683e-08
0.05,13,"SoftProxyMisspecified",904,0.00512448798743089,0.00529178061490759,-0.000167292627476692,2.79868232080551e-08
0.05,13,"AugmentedMisspecified",904,0.00577971929361147,0.00529178061490759,0.00048793867870388,2.38084154175288e-07
0.05,14,"True",921,0.00529178061490759,0.00529178061490759,0,0
0.05,14,"SoftProxy",921,0.00325070420787114,0.00529178061490759,-0.00204107640703645,4.16599289936081e-06
0.05,14,"HardProxy",921,0.0100821936871347,0.00529178061490759,0.0047904130722271,2.29480574025643e-05
0.05,14,"IPW",921,0.00365179104485821,0.00529178061490759,-0.00163998957004937,2.68956578987072e-06
0.05,14,"Augmented",921,0.00357906700643774,0.00529178061490759,-0.00171271360846984,2.9333879046378e-06
0.05,14,"SoftProxyMisspecified",921,0.00371953136604702,0.00529178061490759,-0.00157224924886056,2.47196770054261e-06
0.05,14,"AugmentedMisspecified",921,0.0027972359690975,0.00529178061490759,-0.00249454464581008,6.22275298993975e-06
0.05,15,"True",947,0.00529178061490759,0.00529178061490759,0,0
0.05,15,"SoftProxy",947,0.00483159942512758,0.00529178061490759,-0.000460181189780004,2.1176672742734e-07
0.05,15,"HardProxy",947,0.0129590284769446,0.00529178061490759,0.00766724786203701,5.87866897779111e-05
0.05,15,"IPW",947,0.00567893880350022,0.00529178061490759,0.000387158188592631,1.49891462994328e-07
0.05,15,"Augmented",947,0.00503867871548824,0.00529178061490759,-0.000253101899419351,6.40605714896833e-08
0.05,15,"SoftProxyMisspecified",947,0.00444665300847271,0.00529178061490759,-0.000845127606434877,7.14240671158345e-07
0.05,15,"AugmentedMisspecified",947,0.00494812817354132,0.00529178061490759,-0.000343652441366265,1.18097000456994e-07
0.05,16,"True",867,0.00529178061490759,0.00529178061490759,0,0
0.05,16,"SoftProxy",867,0.00832467163316701,0.00529178061490759,0.00303289101825943,9.1984279286387e-06
0.05,16,"HardProxy",867,0.0210004986854553,0.00529178061490759,0.0157087180705477,0.000246763823419951
0.05,16,"IPW",867,0.00819890163304031,0.00529178061490759,0.00290712101813273,8.45135261406907e-06
0.05,16,"Augmented",867,0.00866152752774022,0.00529178061490759,0.00336974691283263,1.13551942565451e-05
0.05,16,"SoftProxyMisspecified",867,0.0091806020955797,0.00529178061490759,0.00388882148067211,1.51229325085368e-05
0.05,16,"AugmentedMisspecified",867,0.00748955524379712,0.00529178061490759,0.00219777462888954,4.83021331939054e-06
0.05,17,"True",907,0.00529178061490759,0.00529178061490759,0,0
0.05,17,"SoftProxy",907,0.00272311133416071,0.00529178061490759,-0.00256866928074688,6.59806187385268e-06
0.05,17,"HardProxy",907,0.0114514359152702,0.00529178061490759,0.00615965530036265,3.79413534192857e-05
0.05,17,"IPW",907,0.00498034516096296,0.00529178061490759,-0.000311435453944628,9.69920419736966e-08
0.05,17,"Augmented",907,0.00181706235120035,0.00529178061490759,-0.00347471826370723,1.20736670121406e-05
0.05,17,"SoftProxyMisspecified",907,0.00458685271950548,0.00529178061490759,-0.000704927895402105,4.96923337716041e-07
0.05,17,"AugmentedMisspecified",907,0.002775240245155,0.00529178061490759,-0.00251654036975259,6.33297543259449e-06
0.05,18,"True",856,0.00529178061490759,0.00529178061490759,0,0
0.05,18,"SoftProxy",856,0.00453474890172522,0.00529178061490759,-0.000757031713182369,5.73097014763833e-07
0.05,18,"HardProxy",856,0.0132013734534846,0.00529178061490759,0.007909592838577,6.25616588720685e-05
0.05,18,"IPW",856,0.00246776730595891,0.00529178061490759,-0.00282401330894867,7.97505116911923e-06
0.05,18,"Augmented",856,0.0029762915139269,0.00529178061490759,-0.00231548910098068,5.36148977676032e-06
0.05,18,"SoftProxyMisspecified",856,0.00295680628806209,0.00529178061490759,-0.0023349743268455,5.4521051070276e-06
0.05,18,"AugmentedMisspecified",856,0.00179305698330773,0.00529178061490759,-0.00349872363159986,1.22410670503153e-05
0.05,19,"True",892,0.00529178061490759,0.00529178061490759,0,0
0.05,19,"SoftProxy",892,0.00570086517638636,0.00529178061490759,0.000409084561478775,1.67350178440282e-07
0.05,19,"HardProxy",892,0.0142470076952306,0.00529178061490759,0.00895522708032299,8.01960920601501e-05
0.05,19,"IPW",892,0.0110132960585557,0.00529178061490759,0.00572151544364816,3.27357389719044e-05
0.05,19,"Augmented",892,0.00701055094589827,0.00529178061490759,0.00171877033099068,2.95417145069382e-06
0.05,19,"SoftProxyMisspecified",892,0.0036592898587739,0.00529178061490759,-0.00163249075613369,2.66502606886194e-06
0.05,19,"AugmentedMisspecified",892,0.00621187978631056,0.00529178061490759,0.000920099171402978,8.46582485216447e-07
0.05,20,"True",928,0.00529178061490759,0.00529178061490759,0,0
0.05,20,"SoftProxy",928,0.00660871293776525,0.00529178061490759,0.00131693232285766,1.73431074298728e-06
0.05,20,"HardProxy",928,0.0211917294130643,0.00529178061490759,0.0158999487981567,0.000252808371784005
0.05,20,"IPW",928,0.00871015837788072,0.00529178061490759,0.00341837776297313,1.16853065303892e-05
0.05,20,"Augmented",928,0.00665309405185278,0.00529178061490759,0.0013613134369452,1.85317427360754e-06
0.05,20,"SoftProxyMisspecified",928,0.00453486061730973,0.00529178061490759,-0.000756919997597853,5.72927882763534e-07
0.05,20,"AugmentedMisspecified",928,0.0065369107519758,0.00529178061490759,0.00124513013706821,1.5503490582355e-06
0.1,1,"True",1879,0.00529178061490759,0.00529178061490759,0,0
0.1,1,"SoftProxy",1879,0.00643326275373021,0.00529178061490759,0.00114148213882262,1.30298147325107e-06
0.1,1,"HardProxy",1879,0.0191675813162846,0.00529178061490759,0.013875800701377,0.000192537845104334
0.1,1,"IPW",1879,0.00536355156713691,0.00529178061490759,7.17709522293211e-05,5.15106958390349e-09
0.1,1,"Augmented",1879,0.00673741045611171,0.00529178061490759,0.00144562984120412,2.08984563777985e-06
0.1,1,"SoftProxyMisspecified",1879,0.00520945276863036,0.00529178061490759,-8.23278462772237e-05,6.77787427264618e-09
0.1,1,"AugmentedMisspecified",1879,0.00654637530865057,0.00529178061490759,0.00125459469374298,1.57400784556805e-06
0.1,2,"True",1780,0.00529178061490759,0.00529178061490759,0,0
0.1,2,"SoftProxy",1780,0.00492601363249591,0.00529178061490759,-0.000365766982411673,1.33785485422541e-07
0.1,2,"HardProxy",1780,0.0144352186166422,0.00529178061490759,0.00914343800173463,8.3602458491565e-05
0.1,2,"IPW",1780,0.00211260184351287,0.00529178061490759,-0.00317917877139471,1.01071776604868e-05
0.1,2,"Augmented",1780,0.00549653428717066,0.00529178061490759,0.000204753672263072,4.19240663052134e-08
0.1,2,"SoftProxyMisspecified",1780,0.00468891774115629,0.00529178061490759,-0.000602862873751298,3.63443644547673e-07
0.1,2,"AugmentedMisspecified",1780,0.00616118436666406,0.00529178061490759,0.000869403751756475,7.55862883568235e-07
0.1,3,"True",1799,0.00529178061490759,0.00529178061490759,0,0
0.1,3,"SoftProxy",1799,0.00513129451622766,0.00529178061490759,-0.000160486098679921,2.57557878695015e-08
0.1,3,"HardProxy",1799,0.0173901212706764,0.00529178061490759,0.0120983406557688,0.000146369846623028
0.1,3,"IPW",1799,0.00644119281097155,0.00529178061490759,0.00114941219606396,1.32114839646058e-06
0.1,3,"Augmented",1799,0.00520030665649982,0.00529178061490759,-9.14739584077706e-05,8.36748506678654e-09
0.1,3,"SoftProxyMisspecified",1799,0.00638054717952769,0.00529178061490759,0.0010887665646201,1.18541263223466e-06
0.1,3,"AugmentedMisspecified",1799,0.00613594987277457,0.00529178061490759,0.000844169257866982,7.12621735927691e-07
0.1,4,"True",1781,0.00529178061490759,0.00529178061490759,0,0
0.1,4,"SoftProxy",1781,0.00595396638557087,0.00529178061490759,0.000662185770663287,4.38489994868931e-07
0.1,4,"HardProxy",1781,0.0194612918773104,0.00529178061490759,0.0141695112624028,0.000200775049415359
0.1,4,"IPW",1781,0.006998269534951,0.00529178061490759,0.00170648892004341,2.91210443423093e-06
0.1,4,"Augmented",1781,0.00639890181101035,0.00529178061490759,0.00110712119610276,1.22571734286002e-06
0.1,4,"SoftProxyMisspecified",1781,0.00641360146113058,0.00529178061490759,0.00112182084622299,1.25848201102047e-06
0.1,4,"AugmentedMisspecified",1781,0.00650272490245777,0.00529178061490759,0.00121094428755018,1.46638606755042e-06
0.1,5,"True",1848,0.00529178061490759,0.00529178061490759,0,0
0.1,5,"SoftProxy",1848,0.00418820753948288,0.00529178061490759,-0.00110357307542471,1.21787353280235e-06
0.1,5,"HardProxy",1848,0.014094794340845,0.00529178061490759,0.0088030137259374,7.74930506590423e-05
0.1,5,"IPW",1848,0.00471977330927351,0.00529178061490759,-0.000572007305634079,3.27192357698759e-07
0.1,5,"Augmented",1848,0.00427225140048274,0.00529178061490759,-0.00101952921442485,1.03943981906575e-06
0.1,5,"SoftProxyMisspecified",1848,0.00388214393295143,0.00529178061490759,-0.00140963668195615,1.98707557511635e-06
0.1,5,"AugmentedMisspecified",1848,0.00453346519552235,0.00529178061490759,-0.000758315419385239,5.75042275277411e-07
0.1,6,"True",1715,0.00529178061490759,0.00529178061490759,0,0
0.1,6,"SoftProxy",1715,0.00642102407419176,0.00529178061490759,0.00112924345928418,1.27519079033609e-06
0.1,6,"HardProxy",1715,0.0192988796835162,0.00529178061490759,0.0140070990686086,0.000196198824317816
0.1,6,"IPW",1715,0.0114180270501797,0.00529178061490759,0.00612624643527215,3.75308953856847e-05
0.1,6,"Augmented",1715,0.00590454119926862,0.00529178061490759,0.000612760584361033,3.75475533746475e-07
0.1,6,"SoftProxyMisspecified",1715,0.00580323601547699,0.00529178061490759,0.0005114554005694,2.61586626771605e-07
0.1,6,"AugmentedMisspecified",1715,0.00607160176351781,0.00529178061490759,0.000779821148610221,6.08121023819765e-07
0.1,7,"True",1769,0.00529178061490759,0.00529178061490759,0,0
0.1,7,"SoftProxy",1769,0.0070971265908012,0.00529178061490759,0.00180534597589361,3.25927409267526e-06
0.1,7,"HardProxy",1769,0.0206298544185098,0.00529178061490759,0.0153380738036022,0.000235256508004749
0.1,7,"IPW",1769,0.00738269296293634,0.00529178061490759,0.00209091234802875,4.37191444713911e-06
0.1,7,"Augmented",1769,0.00715100227037408,0.00529178061490759,0.00185922165546649,3.45670516415557e-06
0.1,7,"SoftProxyMisspecified",1769,0.00791287746512727,0.00529178061490759,0.00262109685021968,6.87014869823152e-06
0.1,7,"AugmentedMisspecified",1769,0.00747092512000306,0.00529178061490759,0.00217914450509547,4.74867077408778e-06
0.1,8,"True",1854,0.00529178061490759,0.00529178061490759,0,0
0.1,8,"SoftProxy",1854,0.00590917941845453,0.00529178061490759,0.000617398803546945,3.81181282621199e-07
0.1,8,"HardProxy",1854,0.0171429291714509,0.00529178061490759,0.0118511485565433,0.000140449722109258
0.1,8,"IPW",1854,0.00829177954233506,0.00529178061490759,0.00299999892742747,8.99999356456599e-06
0.1,8,"Augmented",1854,0.00661546654432512,0.00529178061490759,0.00132368592941754,1.75214443973797e-06
0.1,8,"SoftProxyMisspecified",1854,0.00538116496248033,0.00529178061490759,8.93843475727411e-05,7.98956159100458e-09
0.1,8,"AugmentedMisspecified",1854,0.0067323201104379,0.00529178061490759,0.00144053949553031,2.07515403818273e-06
0.1,9,"True",1819,0.00529178061490759,0.00529178061490759,0,0
0.1,9,"SoftProxy",1819,0.00432994402130264,0.00529178061490759,-0.000961836593604943,9.2512963279756e-07
0.1,9,"HardProxy",1819,0.0127609222715087,0.00529178061490759,0.00746914165660116,5.57880770863747e-05
0.1,9,"IPW",1819,0.00574136413837941,0.00529178061490759,0.000449583523471822,2.02125344577339e-07
0.1,9,"Augmented",1819,0.00489785797336349,0.00529178061490759,-0.000393922641544093,1.55175047521076e-07
0.1,9,"SoftProxyMisspecified",1819,0.00447463459982599,0.00529178061490759,-0.000817146015081592,6.67727609963725e-07
0.1,9,"AugmentedMisspecified",1819,0.00503789256653788,0.00529178061490759,-0.000253888048369701,6.44591411049758e-08
0.1,10,"True",1800,0.00529178061490759,0.00529178061490759,0,0
0.1,10,"SoftProxy",1800,0.00422722031169547,0.00529178061490759,-0.00106456030321212,1.13328863917507e-06
0.1,10,"HardProxy",1800,0.0147386220403963,0.00529178061490759,0.00944684142548873,8.924281291833e-05
0.1,10,"IPW",1800,0.0062051301554544,0.00529178061490759,0.000913349540546816,8.34207383217081e-07
0.1,10,"Augmented",1800,0.00392615439224956,0.00529178061490759,-0.00136562622265803,1.86493498001123e-06
0.1,10,"SoftProxyMisspecified",1800,0.00378287914018451,0.00529178061490759,-0.00150890147472307,2.27678366042147e-06
0.1,10,"AugmentedMisspecified",1800,0.00357072928611032,0.00529178061490759,-0.00172105132879727,2.96201767635484e-06
0.1,11,"True",1765,0.00529178061490759,0.00529178061490759,0,0
0.1,11,"SoftProxy",1765,0.00531991205636344,0.00529178061490759,2.81314414558509e-05,7.91377998383964e-10
0.1,11,"HardProxy",1765,0.0146767436236239,0.00529178061490759,0.00938496300871627,8.80775306749727e-05
0.1,11,"IPW",1765,0.0054417921311708,0.00529178061490759,0.000150011516263216,2.25034550115893e-08
0.1,11,"Augmented",1765,0.00484976186484172,0.00529178061490759,-0.000442018750065865,1.9538057540979e-07
0.1,11,"SoftProxyMisspecified",1765,0.00378018746484087,0.00529178061490759,-0.00151159315006672,2.28491385132862e-06
0.1,11,"AugmentedMisspecified",1765,0.00458233773449694,0.00529178061490759,-0.00070944288041065,5.0330920056536e-07
0.1,12,"True",1849,0.00529178061490759,0.00529178061490759,0,0
0.1,12,"SoftProxy",1849,0.00527770952476419,0.00529178061490759,-1.40710901433954e-05,1.97995577823559e-10
0.1,12,"HardProxy",1849,0.0157449480897922,0.00529178061490759,0.0104531674748846,0.000109268710257986
0.1,12,"IPW",1849,0.00131672347973579,0.00529178061490759,-0.0039750571351718,1.58010792278802e-05
0.1,12,"Augmented",1849,0.00447981443764377,0.00529178061490759,-0.00081196617726382,6.59289073020421e-07
0.1,12,"SoftProxyMisspecified",1849,0.0063824985928717,0.00529178061490759,0.00109071797796411,1.18966570745411e-06
0.1,12,"AugmentedMisspecified",1849,0.00466527056033916,0.00529178061490759,-0.000626510054568424,3.92514848475329e-07
0.1,13,"True",1780,0.00529178061490759,0.00529178061490759,0,0
0.1,13,"SoftProxy",1780,0.00670983051105529,0.00529178061490759,0.0014180498961477,2.01086550796451e-06
0.1,13,"HardProxy",1780,0.0170459557318658,0.00529178061490759,0.0117541751169582,0.000138160632680119
0.1,13,"IPW",1780,0.00667326300945927,0.00529178061490759,0.00138148239455169,1.90849360645626e-06
0.1,13,"Augmented",1780,0.00728134754921014,0.00529178061490759,0.00198956693430255,3.95837658607005e-06
0.1,13,"SoftProxyMisspecified",1780,0.0057854239128942,0.00529178061490759,0.000493643297986616,2.43683705647103e-07
0.1,13,"AugmentedMisspecified",1780,0.00703982205459146,0.00529178061490759,0.00174804143968387,3.05564887485206e-06
0.1,14,"True",1803,0.00529178061490759,0.00529178061490759,0,0
0.1,14,"SoftProxy",1803,0.0031069004936678,0.00529178061490759,-0.00218488012123979,4.77370114418878e-06
0.1,14,"HardProxy",1803,0.00943882455441475,0.00529178061490759,0.00414704393950717,1.71979734362031e-05
0.1,14,"IPW",1803,0.00333210649088829,0.00529178061490759,-0.0019596741240193,3.84032267235081e-06
0.1,14,"Augmented",1803,0.00365631338746117,0.00529178061490759,-0.00163546722744642,2.67475305205127e-06
0.1,14,"SoftProxyMisspecified",1803,0.00501534946482587,0.00529178061490759,-0.000276431150081718,7.64141807355011e-08
0.1,14,"AugmentedMisspecified",1803,0.00406356766599971,0.00529178061490759,-0.00122821294890788,1.50850704786499e-06
0.1,15,"True",1767,0.00529178061490759,0.00529178061490759,0,0
0.1,15,"SoftProxy",1767,0.00741654911090046,0.00529178061490759,0.00212476849599287,4.51464116156381e-06
0.1,15,"HardProxy",1767,0.0190732312151521,0.00529178061490759,0.0137814506002445,0.000189928380646981
0.1,15,"IPW",1767,0.00818014227960758,0.00529178061490759,0.0028883616647,8.34263310610854e-06
0.1,15,"Augmented",1767,0.00770531838426632,0.00529178061490759,0.00241353776935873,5.82516456412113e-06
0.1,15,"SoftProxyMisspecified",1767,0.00747280265918102,0.00529178061490759,0.00218102204427344,4.75685715760667e-06
0.1,15,"AugmentedMisspecified",1767,0.0084219928050895,0.00529178061490759,0.00313021219018192,9.79822835556347e-06
0.1,16,"True",1754,0.00529178061490759,0.00529178061490759,0,0
0.1,16,"SoftProxy",1754,0.00590789055129645,0.00529178061490759,0.00061610993638886,3.79591453717085e-07
0.1,16,"HardProxy",1754,0.0152543732042734,0.00529178061490759,0.00996259258936577,9.92532511016858e-05
0.1,16,"IPW",1754,0.00647414476096712,0.00529178061490759,0.00118236414605954,1.3979849738871e-06
0.1,16,"Augmented",1754,0.00639097027960775,0.00529178061490759,0.00109918966470017,1.20821791898367e-06
0.1,16,"SoftProxyMisspecified",1754,0.0050374324888666,0.00529178061490759,-0.000254348126040991,6.46929692205637e-08
0.1,16,"AugmentedMisspecified",1754,0.00615878177265645,0.00529178061490759,0.000867001157748867,7.51691007537876e-07
0.1,17,"True",1770,0.00529178061490759,0.00529178061490759,0,0
0.1,17,"SoftProxy",1770,0.00640789646115297,0.00529178061490759,0.00111611584624539,1.24571458224006e-06
0.1,17,"HardProxy",1770,0.0157875201299233,0.00529178061490759,0.0104957395150157,0.000110160547967062
0.1,17,"IPW",1770,0.00634773951786274,0.00529178061490759,0.00105595890295515,1.11504920473025e-06
0.1,17,"Augmented",1770,0.00638667274793824,0.00529178061490759,0.00109489213303066,1.19878878297242e-06
0.1,17,"SoftProxyMisspecified",1770,0.0053948677763362,0.00529178061490759,0.000103087161428614,1.0626962851409e-08
0.1,17,"AugmentedMisspecified",1770,0.0065408855423585,0.00529178061490759,0.00124910492745092,1.56026311978216e-06
0.1,18,"True",1790,0.00529178061490759,0.00529178061490759,0,0
0.1,18,"SoftProxy",1790,0.00604513789769358,0.00529178061490759,0.000753357282785996,5.67547195526699e-07
0.1,18,"HardProxy",1790,0.0165189644515217,0.00529178061490759,0.0112271838366141,0.00012604965690113
0.1,18,"IPW",1790,0.00839515540346923,0.00529178061490759,0.00310337478856164,9.63093507828003e-06
0.1,18,"Augmented",1790,0.0052711172335692,0.00529178061490759,-2.06633813383894e-05,4.26975328335701e-10
0.1,18,"SoftProxyMisspecified",1790,0.0061817658271131,0.00529178061490759,0.000889985212205516,7.92073677944498e-07
0.1,18,"AugmentedMisspecified",1790,0.0058197895979892,0.00529178061490759,0.000528008983081613,2.7879348621488e-07
0.1,19,"True",1802,0.00529178061490759,0.00529178061490759,0,0
0.1,19,"SoftProxy",1802,0.00542134204168605,0.00529178061490759,0.000129561426778464,1.67861633088712e-08
0.1,19,"HardProxy",1802,0.015680809217327,0.00529178061490759,0.0103890286024194,0.000107931915301889
0.1,19,"IPW",1802,-0.00102250536104442,0.00529178061490759,-0.006314285975952,3.98702073861041e-05
0.1,19,"Augmented",1802,0.00607452111951523,0.00529178061490759,0.000782740504607647,6.12682697553434e-07
0.1,19,"SoftProxyMisspecified",1802,0.00484416812158597,0.00529178061490759,-0.000447612493321612,2.0035694417759e-07
0.1,19,"AugmentedMisspecified",1802,0.006942045692587,0.00529178061490759,0.00165026507767941,2.72337482660823e-06
0.1,20,"True",1827,0.00529178061490759,0.00529178061490759,0,0
0.1,20,"SoftProxy",1827,0.00493756768182756,0.00529178061490759,-0.000354212933080029,1.25466801961157e-07
0.1,20,"HardProxy",1827,0.0139654261728276,0.00529178061490759,0.00867364555791999,7.52321272644252e-05
0.1,20,"IPW",1827,0.00639705362163856,0.00529178061490759,0.00110527300673097,1.22162841940812e-06
0.1,20,"Augmented",1827,0.00530725731498128,0.00529178061490759,1.5476700073693e-05,2.39528245171048e-10
0.1,20,"SoftProxyMisspecified",1827,0.00542628646630074,0.00529178061490759,0.00013450585139315,1.8091824058996e-08
0.1,20,"AugmentedMisspecified",1827,0.00562445059811719,0.00529178061490759,0.000332669983209607,1.1066931772868e-07
0.2,1,"True",3516,0.00529178061490759,0.00529178061490759,0,0
0.2,1,"SoftProxy",3516,0.00358728862316404,0.00529178061490759,-0.00170449199174355,2.9052929499179e-06
0.2,1,"HardProxy",3516,0.0110830196563821,0.00529178061490759,0.00579123904147453,3.35384496354988e-05
0.2,1,"IPW",3516,0.0050165433664483,0.00529178061490759,-0.000275237248459285,7.5755542939438e-08
0.2,1,"Augmented",3516,0.00319986967093601,0.00529178061490759,-0.00209191094397158,4.37609139750805e-06
0.2,1,"SoftProxyMisspecified",3516,0.00369126179033318,0.00529178061490759,-0.00160051882457441,2.56166050781704e-06
0.2,1,"AugmentedMisspecified",3516,0.00334713287555144,0.00529178061490759,-0.00194464773935615,3.78165483018297e-06
0.2,2,"True",3606,0.00529178061490759,0.00529178061490759,0,0
0.2,2,"SoftProxy",3606,0.00524988057905276,0.00529178061490759,-4.19000358548296e-05,1.75561300463601e-09
0.2,2,"HardProxy",3606,0.0139773384064949,0.00529178061490759,0.00868555779158733,7.54389141510034e-05
0.2,2,"IPW",3606,0.00569129774825609,0.00529178061490759,0.000399517133348503,1.59613939839005e-07
0.2,2,"Augmented",3606,0.00587859260478004,0.00529178061490759,0.000586811989872454,3.4434831145807e-07
0.2,2,"SoftProxyMisspecified",3606,0.00555941270106946,0.00529178061490759,0.000267632086161873,7.16269335433562e-08
0.2,2,"AugmentedMisspecified",3606,0.00603966095153729,0.00529178061490759,0.000747880336629705,5.59324997917361e-07
0.2,3,"True",3679,0.00529178061490759,0.00529178061490759,0,0
0.2,3,"SoftProxy",3679,0.00440509952665289,0.00529178061490759,-0.000886681088254701,7.8620335226854e-07
0.2,3,"HardProxy",3679,0.0134579616909144,0.00529178061490759,0.00816618107600686,6.66865133661326e-05
0.2,3,"IPW",3679,0.0063455561723209,0.00529178061490759,0.00105377555741332,1.11044292540175e-06
0.2,3,"Augmented",3679,0.00459527000185413,0.00529178061490759,-0.000696510613053459,4.85127034096105e-07
0.2,3,"SoftProxyMisspecified",3679,0.00407834608054462,0.00529178061490759,-0.00121343453436296,1.47242336918466e-06
0.2,3,"AugmentedMisspecified",3679,0.00412365614777941,0.00529178061490759,-0.00116812446712818,1.36451477070349e-06
0.2,4,"True",3570,0.00529178061490759,0.00529178061490759,0,0
0.2,4,"SoftProxy",3570,0.00637719312609561,0.00529178061490759,0.00108541251118803,1.1781203194435e-06
0.2,4,"HardProxy",3570,0.016263238870843,0.00529178061490759,0.0109714582559355,0.000120372896261734
0.2,4,"IPW",3570,0.00832663265715594,0.00529178061490759,0.00303485204224836,9.21032691833901e-06
0.2,4,"Augmented",3570,0.00681534314386549,0.00529178061490759,0.0015235625289579,2.32124277964459e-06
0.2,4,"SoftProxyMisspecified",3570,0.0060081022672509,0.00529178061490759,0.000716321652343312,5.13116709615853e-07
0.2,4,"AugmentedMisspecified",3570,0.00689261206795952,0.00529178061490759,0.00160083145305194,2.56266134108038e-06
0.2,5,"True",3585,0.00529178061490759,0.00529178061490759,0,0
0.2,5,"SoftProxy",3585,0.00316830920577546,0.00529178061490759,-0.00212347140913213,4.50913082540159e-06
0.2,5,"HardProxy",3585,0.010287741859096,0.00529178061490759,0.00499596124418845,2.4959628753433e-05
0.2,5,"IPW",3585,0.004659463739122,0.00529178061490759,-0.000632316875785588,3.99824631403247e-07
0.2,5,"Augmented",3585,0.00297748056054087,0.00529178061490759,-0.00231430005436671,5.35598474164178e-06
0.2,5,"SoftProxyMisspecified",3585,0.00323064221632728,0.00529178061490759,-0.00206113839858031,4.24829149810221e-06
0.2,5,"AugmentedMisspecified",3585,0.00254752938721897,0.00529178061490759,-0.00274425122768861,7.53091480067047e-06
0.2,6,"True",3607,0.00529178061490759,0.00529178061490759,0,0
0.2,6,"SoftProxy",3607,0.00619079834971815,0.00529178061490759,0.000899017734810563,8.08232887503916e-07
0.2,6,"HardProxy",3607,0.0179766279221956,0.00529178061490759,0.012684847307288,0.000160905351209211
0.2,6,"IPW",3607,0.00397428934992677,0.00529178061490759,-0.00131749126498082,1.73578323330076e-06
0.2,6,"Augmented",3607,0.00603983913794116,0.00529178061490759,0.000748058523033571,5.59591553883167e-07
0.2,6,"SoftProxyMisspecified",3607,0.00487456117983765,0.00529178061490759,-0.000417219435069936,1.74072057000076e-07
0.2,6,"AugmentedMisspecified",3607,0.00564520212082905,0.00529178061490759,0.000353421505921468,1.24906760847798e-07
0.2,7,"True",3536,0.00529178061490759,0.00529178061490759,0,0
0.2,7,"SoftProxy",3536,0.00501373396993361,0.00529178061490759,-0.00027804664497398,7.73099367812866e-08
0.2,7,"HardProxy",3536,0.0155812671635224,0.00529178061490759,0.0102894865486148,0.000105873533434125
0.2,7,"IPW",3536,0.00539939641475194,0.00529178061490759,0.000107615799844351,1.15811603761393e-08
0.2,7,"Augmented",3536,0.00464026293033005,0.00529178061490759,-0.000651517684577539,4.24475293317277e-07
0.2,7,"SoftProxyMisspecified",3536,0.00548007591440877,0.00529178061490759,0.000188295299501188,3.54551198142422e-08
0.2,7,"AugmentedMisspecified",3536,0.00438323556168616,0.00529178061490759,-0.000908545053221422,8.25454113733117e-07
0.2,8,"True",3624,0.00529178061490759,0.00529178061490759,0,0
0.2,8,"SoftProxy",3624,0.00570880601732361,0.00529178061490759,0.00041702540241602,1.73910186260244e-07
0.2,8,"HardProxy",3624,0.0157818188080193,0.00529178061490759,0.0104900381931117,0.000110040901292942
0.2,8,"IPW",3624,0.00740236208947003,0.00529178061490759,0.00211058147456244,4.45455416076618e-06
0.2,8,"Augmented",3624,0.00577207579355188,0.00529178061490759,0.000480295178644293,2.30683458628954e-07
0.2,8,"SoftProxyMisspecified",3624,0.00531566064691991,0.00529178061490759,2.38800320123246e-05,5.7025592890965e-10
0.2,8,"AugmentedMisspecified",3624,0.00561205105349068,0.00529178061490759,0.000320270438583099,1.0257315383021e-07
0.2,9,"True",3571,0.00529178061490759,0.00529178061490759,0,0
0.2,9,"SoftProxy",3571,0.00485822489467008,0.00529178061490759,-0.000433555720237502,1.87970562550659e-07
0.2,9,"HardProxy",3571,0.0128733288593419,0.00529178061490759,0.00758154824443433,5.74798737826853e-05
0.2,9,"IPW",3571,0.00493343790601249,0.00529178061490759,-0.0003583427088951,1.28409497018278e-07
0.2,9,"Augmented",3571,0.00532505190032743,0.00529178061490759,3.32712854198471e-05,1.10697843348893e-09
0.2,9,"SoftProxyMisspecified",3571,0.00416964282057903,0.00529178061490759,-0.00112213779432855,1.25919322946055e-06
0.2,9,"AugmentedMisspecified",3571,0.00528727930639676,0.00529178061490759,-4.50130851082677e-06,2.02617783096415e-11
0.2,10,"True",3686,0.00529178061490759,0.00529178061490759,0,0
0.2,10,"SoftProxy",3686,0.00587433055761444,0.00529178061490759,0.000582549942706854,3.39364435747759e-07
0.2,10,"HardProxy",3686,0.0163923325636231,0.00529178061490759,0.0111005519487155,0.000123222253566131
0.2,10,"IPW",3686,0.0036123029454597,0.00529178061490759,-0.00167947766944789,2.82064524217411e-06
0.2,10,"Augmented",3686,0.0063646138668124,0.00529178061490759,0.00107283325190481,1.15097118639266e-06
0.2,10,"SoftProxyMisspecified",3686,0.00513290015995593,0.00529178061490759,-0.000158880454951655,2.52429989656448e-08
0.2,10,"AugmentedMisspecified",3686,0.00645756781817105,0.00529178061490759,0.00116578720326347,1.35905980329285e-06
0.2,11,"True",3611,0.00529178061490759,0.00529178061490759,0,0
0.2,11,"SoftProxy",3611,0.00491843594144107,0.00529178061490759,-0.000373344673466515,1.39386245205819e-07
0.2,11,"HardProxy",3611,0.0152850065156516,0.00529178061490759,0.00999322590074402,9.98645639033011e-05
0.2,11,"IPW",3611,0.00523075643715723,0.00529178061490759,-6.1024177750355e-05,3.72395027010693e-09
0.2,11,"Augmented",3611,0.00476660648894619,0.00529178061490759,-0.000525174125961396,2.75807862579317e-07
0.2,11,"SoftProxyMisspecified",3611,0.00511407811723375,0.00529178061490759,-0.00017770249767384,3.1578177679521e-08
0.2,11,"AugmentedMisspecified",3611,0.0047247055914063,0.00529178061490759,-0.000567075023501283,3.2157408227898e-07
0.2,12,"True",3594,0.00529178061490759,0.00529178061490759,0,0
0.2,12,"SoftProxy",3594,0.00659717743817944,0.00529178061490759,0.00130539682327185,1.70406086620825e-06
0.2,12,"HardProxy",3594,0.0158136889726846,0.00529178061490759,0.010521908357777,0.000110710555489458
0.2,12,"IPW",3594,0.00995249818007448,0.00529178061490759,0.00466071756516689,2.17222882222552e-05
0.2,12,"Augmented",3594,0.00683254141764386,0.00529178061490759,0.00154076080273627,2.37394385124852e-06
0.2,12,"SoftProxyMisspecified",3594,0.0062196126153193,0.00529178061490759,0.000927832000411716,8.60872220988006e-07
0.2,12,"AugmentedMisspecified",3594,0.00713956473883682,0.00529178061490759,0.00184778412392924,3.41430616864493e-06
0.2,13,"True",3618,0.00529178061490759,0.00529178061490759,0,0
0.2,13,"SoftProxy",3618,0.00389059386922217,0.00529178061490759,-0.00140118674568541,1.96332429628448e-06
0.2,13,"HardProxy",3618,0.0117029720973728,0.00529178061490759,0.00641119148246525,4.11033762248349e-05
0.2,13,"IPW",3618,0.00481829991564688,0.00529178061490759,-0.000473480699260708,2.24183972572409e-07
0.2,13,"Augmented",3618,0.00425129408167655,0.00529178061490759,-0.00104048653323103,1.08261222583513e-06
0.2,13,"SoftProxyMisspecified",3618,0.00312659265112851,0.00529178061490759,-0.00216518796377908,4.68803891849379e-06
0.2,13,"AugmentedMisspecified",3618,0.00440755788445881,0.00529178061490759,-0.000884222730448778,7.81849837042293e-07
0.2,14,"True",3483,0.00529178061490759,0.00529178061490759,0,0
0.2,14,"SoftProxy",3483,0.00610236664058856,0.00529178061490759,0.000810586025680973,6.57049705029275e-07
0.2,14,"HardProxy",3483,0.0170118103552085,0.00529178061490759,0.011720029740301,0.000137359097113539
0.2,14,"IPW",3483,0.00689513976981751,0.00529178061490759,0.00160335915490992,2.57076057963347e-06
0.2,14,"Augmented",3483,0.00562164407226752,0.00529178061490759,0.000329863457359936,1.0880990050145e-07
0.2,14,"SoftProxyMisspecified",3483,0.00633930516394302,0.00529178061490759,0.00104752454903543,1.09730768083189e-06
0.2,14,"AugmentedMisspecified",3483,0.00561651432433629,0.00529178061490759,0.000324733709428703,1.05451982039325e-07
0.2,15,"True",3501,0.00529178061490759,0.00529178061490759,0,0
0.2,15,"SoftProxy",3501,0.0056105942451888,0.00529178061490759,0.000318813630281215,1.01642130853087e-07
0.2,15,"HardProxy",3501,0.0133044690349407,0.00529178061490759,0.00801268842003309,6.42031757165324e-05
0.2,15,"IPW",3501,0.00620512502180905,0.00529178061490759,0.000913344406901468,8.34198005618195e-07
0.2,15,"Augmented",3501,0.00555226092955265,0.00529178061490759,0.000260480314645064,6.78499943175915e-08
0.2,15,"SoftProxyMisspecified",3501,0.00503601949800897,0.00529178061490759,-0.000255761116898617,6.5413748917228e-08
0.2,15,"AugmentedMisspecified",3501,0.00569668974286608,0.00529178061490759,0.000404909127958496,1.63951401904109e-07
0.2,16,"True",3622,0.00529178061490759,0.00529178061490759,0,0
0.2,16,"SoftProxy",3622,0.00417848343297851,0.00529178061490759,-0.00111329718192908,1.23943061529123e-06
0.2,16,"HardProxy",3622,0.0107764655261766,0.00529178061490759,0.00548468491126903,3.00817685759021e-05
0.2,16,"IPW",3622,0.0036893667193058,0.00529178061490759,-0.00160241389560178,2.56773029281768e-06
0.2,16,"Augmented",3622,0.00431981375303887,0.00529178061490759,-0.000971966861868711,9.4471958057091e-07
0.2,16,"SoftProxyMisspecified",3622,0.00362861120179376,0.00529178061490759,-0.00166316941311383,2.76613249671739e-06
0.2,16,"AugmentedMisspecified",3622,0.00413103978636798,0.00529178061490759,-0.0011607408285396,1.34731927103881e-06
0.2,17,"True",3660,0.00529178061490759,0.00529178061490759,0,0
0.2,17,"SoftProxy",3660,0.00730582548253526,0.00529178061490759,0.00201404486762767,4.05637672881738e-06
0.2,17,"HardProxy",3660,0.0219930656334396,0.00529178061490759,0.016701285018532,0.000278932921270242
0.2,17,"IPW",3660,0.00916038320093552,0.00529178061490759,0.00386860258602794,1.49660859686221e-05
0.2,17,"Augmented",3660,0.00717072116026735,0.00529178061490759,0.00187894054535976,3.53041757299683e-06
0.2,17,"SoftProxyMisspecified",3660,0.00681636470083106,0.00529178061490759,0.00152458408592348,2.32435663505112e-06
0.2,17,"AugmentedMisspecified",3660,0.00704660585458223,0.00529178061490759,0.00175482523967464,3.07941162179916e-06
0.2,18,"True",3665,0.00529178061490759,0.00529178061490759,0,0
0.2,18,"SoftProxy",3665,0.00506752720489968,0.00529178061490759,-0.000224253410007907,5.02895919001743e-08
0.2,18,"HardProxy",3665,0.0143199024925192,0.00529178061490759,0.00902812187761161,8.15069846370093e-05
0.2,18,"IPW",3665,0.00502863076074631,0.00529178061490759,-0.000263149854161275,6.92478457451e-08
0.2,18,"Augmented",3665,0.00528212070189574,0.00529178061490759,-9.65991301184622e-06,9.33139193964359e-11
0.2,18,"SoftProxyMisspecified",3665,0.00535848284157372,0.00529178061490759,6.67022266661321e-05,4.44918704222007e-09
0.2,18,"AugmentedMisspecified",3665,0.00504741628832308,0.00529178061490759,-0.000244364326584511,5.97139241071014e-08
0.2,19,"True",3631,0.00529178061490759,0.00529178061490759,0,0
0.2,19,"SoftProxy",3631,0.00594978571861301,0.00529178061490759,0.000658005103705424,4.32970716502386e-07
0.2,19,"HardProxy",3631,0.0166268294948658,0.00529178061490759,0.0113350488799582,0.000128483333111041
0.2,19,"IPW",3631,0.0050660103942599,0.00529178061490759,-0.000225770220647683,5.09721925313033e-08
0.2,19,"Augmented",3631,0.0064404257060076,0.00529178061490759,0.00114864509110001,1.31938554530815e-06
0.2,19,"SoftProxyMisspecified",3631,0.00505340090001284,0.00529178061490759,-0.000238379714894743,5.68248884732988e-08
0.2,19,"AugmentedMisspecified",3631,0.00653187139001553,0.00529178061490759,0.00124009077510794,1.53782513050782e-06
0.2,20,"True",3637,0.00529178061490759,0.00529178061490759,0,0
0.2,20,"SoftProxy",3637,0.00560395135188076,0.00529178061490759,0.000312170736973175,9.74505690223751e-08
0.2,20,"HardProxy",3637,0.0186969307500214,0.00529178061490759,0.0134051501351139,0.000179698050144943
0.2,20,"IPW",3637,0.00641736614468057,0.00529178061490759,0.00112558552977298,1.26694278483433e-06
0.2,20,"Augmented",3637,0.00512353658541065,0.00529178061490759,-0.000168244029496938,2.83060534613664e-08
0.2,20,"SoftProxyMisspecified",3637,0.00616235441951047,0.00529178061490759,0.000870573804602882,7.57898749260737e-07
0.2,20,"AugmentedMisspecified",3637,0.00503079972690664,0.00529178061490759,-0.000260980888000943,6.81110239017607e-08
