"audit_rate","replicate","method","path_type","lambda","audited_train_n","audited_validation_n","selection_estimated_moment","selection_baseline_moment","selection_target_moment","selection_feasible","validation_estimated_moment","selected_converged","selected_gradient_norm","log_loss","auc","accuracy","dp_score_signed","eo_score_signed","dp_score","eo_score","dp_decision_signed","eo_decision_signed","dp_decision","eo_decision"
0.01,1,"Unconstrained","exact",0,175,57,0.00203280471984273,0.00203280471984273,0.00203280471984273,TRUE,0.000905220124726151,TRUE,1.08513695273046e-13,0.459985191766891,0.739071040888486,0.810293137908061,0.0225450043231494,0.0156520704595688,0.0225450043231494,0.0156520704595688,0.0208172080416283,0.00671526788917332,0.0208172080416283,0.00671526788917332
0.01,1,"Oracle","exact",1000,175,57,0.0015244494976099,0.00529178061490764,0.00264589030745382,TRUE,0.00274413819293694,TRUE,1.2719592279585e-05,0.463023210000175,0.736152319180493,0.801798800799467,0.00947083663580917,0.00346286875802315,0.00947083663580917,0.00346286875802315,0.0106896261831253,0.00101363627670348,0.0106896261831253,0.00101363627670348
0.01,1,"SoftProxy","exact",316.227766016838,175,57,0.000586675651754684,0.00203280471984297,0.00101640235992149,TRUE,0.000509783462394067,TRUE,1.39473638451403e-05,0.459743108135636,0.739372983163943,0.80979347101932,0.0217630304699312,0.0151115867632376,0.0217630304699312,0.0151115867632376,0.0201341044484064,0.00803085070685028,0.0201341044484064,0.00803085070685028
0.01,1,"IPW","exact",31.6227766016838,175,57,0.00271597430215453,0.00550242489377126,0.00275121244688563,TRUE,0.0235041852229008,TRUE,7.88043426578421e-06,0.460006121719521,0.740084003333108,0.80962691538974,0.0229158268955009,0.0159593840846917,0.0229158268955009,0.0159593840846917,0.0168765201258138,0.00519336459436293,0.0168765201258138,0.00519336459436293
0.01,1,"Augmented","exact",100,175,57,0.00120611671719328,0.00302603078049144,0.00151301539024572,TRUE,0.0229784835985045,TRUE,8.03671906970729e-06,0.459859968602983,0.739442959130818,0.80979347101932,0.0221863925664375,0.0154943644512431,0.0221863925664375,0.0154943644512431,0.0190044498557782,0.00636695719603508,0.0190044498557782,0.00636695719603508
0.01,1,"AugmentedMisspecified","exact",100,175,57,0.00193689046350165,0.00468757711720198,0.00234378855860099,TRUE,0.0232515182395943,TRUE,1.68752058235201e-05,0.459995745504166,0.739078923238777,0.809127248500999,0.0223335172299794,0.015753469619651,0.0223335172299794,0.015753469619651,0.0174413474221278,0.00595431624176823,0.0174413474221278,0.00595431624176823
0.01,2,"Unconstrained","exact",0,176,47,0.00730506974376283,0.00730506974376283,0.00730506974376283,TRUE,0.00705183959425758,TRUE,1.08513695273046e-13,0.459985191766891,0.739071040888486,0.810293137908061,0.0225450043231494,0.0156520704595688,0.0225450043231494,0.0156520704595688,0.0208172080416283,0.00671526788917332,0.0208172080416283,0.00671526788917332
0.01,2,"Oracle","exact",1000,176,47,0.0015244494976099,0.00529178061490764,0.00264589030745382,TRUE,0.00274413819293694,TRUE,1.2719592279585e-05,0.463023210000175,0.736152319180493,0.801798800799467,0.00947083663580917,0.00346286875802315,0.00947083663580917,0.00346286875802315,0.0106896261831253,0.00101363627670348,0.0106896261831253,0.00101363627670348
0.01,2,"SoftProxy","exact",316.227766016838,176,47,0.00226251348890667,0.00730506974376285,0.00365253487188143,TRUE,0.00202680187872496,TRUE,9.50418197856344e-06,0.461474521868353,0.737573876925948,0.80363091272485,0.0155048666183099,0.00898456989877583,0.0155048666183099,0.00898456989877583,0.0090872142743258,0.00221388826587043,0.0090872142743258,0.00221388826587043
0.01,2,"IPW","exact",100,176,47,0.000425398564447749,0.00145005517189256,0.000725027585946279,TRUE,0.0242681864470724,TRUE,8.20014936436984e-06,0.459728183971586,0.739677660132359,0.809960026648901,0.0217892795001564,0.0148580248343525,0.0217892795001564,0.0148580248343525,0.0205282428142802,0.00616063671890155,0.0205282428142802,0.00616063671890155
0.01,2,"Augmented","exact",100,176,47,0.00311237385040005,0.00839200295703125,0.00419600147851563,TRUE,0.0117272730517824,TRUE,1.24390432013535e-05,0.460689706105011,0.738509302781987,0.808461025982678,0.0187608412482729,0.0120514392924568,0.0187608412482729,0.0120514392924568,0.015182038236871,0.00373579156068116,0.015182038236871,0.00373579156068116
0.01,2,"AugmentedMisspecified","exact",100,176,47,0.00308521870918628,0.00724478974606849,0.00362239487303424,TRUE,0.00673917369740323,TRUE,7.94820960952804e-06,0.460144487853039,0.739505213611693,0.808794137241839,0.0189504043947333,0.0120986891462584,0.0189504043947333,0.0120986891462584,0.0167189343537566,0.00463873342409116,0.0167189343537566,0.00463873342409116
0.01,3,"Unconstrained","exact",0,172,68,0.0200155881930134,0.0200155881930134,0.0200155881930134,TRUE,0.0206246934928402,TRUE,1.08513695273046e-13,0.459985191766891,0.739071040888486,0.810293137908061,0.0225450043231494,0.0156520704595688,0.0225450043231494,0.0156520704595688,0.0208172080416283,0.00671526788917332,0.0208172080416283,0.00671526788917332
0.01,3,"Oracle","exact",1000,172,68,0.0015244494976099,0.00529178061490764,0.00264589030745382,TRUE,0.00274413819293694,TRUE,1.2719592279585e-05,0.463023210000175,0.736152319180493,0.801798800799467,0.00947083663580917,0.00346286875802315,0.00947083663580917,0.00346286875802315,0.0106896261831253,0.00101363627670348,0.0106896261831253,0.00101363627670348
0.01,3,"SoftProxy","exact",100,172,68,0.0083280733161825,0.0200155881930137,0.0100077940965069,TRUE,0.00833667739153681,TRUE,1.58749806859459e-05,0.467238809756478,0.726376435311642,0.79746835443038,0.0120388418389143,0.00662402032408704,0.0120388418389143,0.00662402032408704,0.0135410125958458,0.00537534389160987,0.0135410125958458,0.00537534389160987
0.01,3,"IPW","exact",31.6227766016838,172,68,0.0118572770674991,0.0249057213873845,0.0124528606936923,TRUE,0.0176466666040825,TRUE,1.64027008657846e-05,0.463314049170511,0.733961186663707,0.807461692205197,0.0148007592589321,0.0087472287922935,0.0148007592589321,0.0087472287922935,0.0175206621153484,0.00841915048123076,0.0175206621153484,0.00841915048123076
0.01,3,"Augmented","exact",100,172,68,0.00694206890479818,0.0233187678949108,0.0116593839474554,TRUE,0.0221822656801641,TRUE,9.0935712275023e-06,0.468909899317291,0.725042548605146,0.796968687541639,0.0124365507394877,0.0071189393919715,0.0124365507394877,0.0071189393919715,0.0116885970633852,0.00563266493612469,0.0116885970633852,0.00563266493612469
0.01,3,"AugmentedMisspecified","exact",100,172,68,0.00636800741683988,0.017356126716738,0.00867806335836899,TRUE,0.0198498573538555,TRUE,1.51887096093877e-05,0.465104556359337,0.728606818715595,0.804796802131912,0.0144494888672472,0.00869368679706606,0.0144494888672472,0.00869368679706606,0.0121479033497122,0.0054130147652437,0.0121479033497122,0.0054130147652437
0.02,1,"Unconstrained","exact",0,383,136,0.00339871701186733,0.00339871701186733,0.00339871701186733,TRUE,0.00323269254523182,TRUE,1.08513695273046e-13,0.459985191766891,0.739071040888486,0.810293137908061,0.0225450043231494,0.0156520704595688,0.0225450043231494,0.0156520704595688,0.0208172080416283,0.00671526788917332,0.0208172080416283,0.00671526788917332
0.02,1,"Oracle","exact",1000,383,136,0.0015244494976099,0.00529178061490764,0.00264589030745382,TRUE,0.00274413819293694,TRUE,1.2719592279585e-05,0.463023210000175,0.736152319180493,0.801798800799467,0.00947083663580917,0.00346286875802315,0.00947083663580917,0.00346286875802315,0.0106896261831253,0.00101363627670348,0.0106896261831253,0.00101363627670348
0.02,1,"SoftProxy","exact",316.227766016838,383,136,0.0014581491923787,0.00339871701186743,0.00169935850593372,TRUE,0.0012813875028333,TRUE,1.35239036370339e-05,0.45983934613406,0.73945566740986,0.811792138574284,0.0186966437249354,0.0117945668661511,0.0186966437249354,0.0117945668661511,0.0166268643736144,0.00644461715091138,0.0166268643736144,0.00644461715091138
0.02,1,"IPW","exact",100,383,136,0.00173087721937762,0.00580894098863909,0.00290447049431954,TRUE,0.000456566747270446,TRUE,1.39672234036032e-05,0.460512265584614,0.73806547820128,0.810626249167222,0.0205643535548004,0.013779718489806,0.0205643535548004,0.013779718489806,0.0180323810352077,0.00706357858231177,0.0180323810352077,0.00706357858231177
0.02,1,"Augmented","exact",316.227766016838,383,136,0.00121392770497677,0.00483367508198836,0.00241683754099418,TRUE,0.00109478252024552,TRUE,1.51256987946525e-05,0.460072263468588,0.738538097490195,0.810626249167222,0.018034999005674,0.0112636743480715,0.018034999005674,0.0112636743480715,0.013947210505718,0.00568366550350585,0.013947210505718,0.00568366550350585
0.02,1,"AugmentedMisspecified","exact",316.227766016838,383,136,0.0013320346038762,0.00503255296589063,0.00251627648294531,TRUE,0.00135735041503513,TRUE,9.40741216343664e-06,0.460573991478863,0.737328558881157,0.811792138574284,0.0175961015562894,0.0108741459600536,0.0175961015562894,0.0108741459600536,0.0131196242988215,0.00457440316296254,0.0131196242988215,0.00457440316296254
0.02,2,"Unconstrained","exact",0,382,124,4.37946457373148e-05,4.37946457373148e-05,4.37946457373148e-05,TRUE,0.000168593937398202,TRUE,1.08513695273046e-13,0.459985191766891,0.739071040888486,0.810293137908061,0.0225450043231494,0.0156520704595688,0.0225450043231494,0.0156520704595688,0.0208172080416283,0.00671526788917332,0.0208172080416283,0.00671526788917332
0.02,2,"Oracle","exact",1000,382,124,0.0015244494976099,0.00529178061490764,0.00264589030745382,TRUE,0.00274413819293694,TRUE,1.2719592279585e-05,0.463023210000175,0.736152319180493,0.801798800799467,0.00947083663580917,0.00346286875802315,0.00947083663580917,0.00346286875802315,0.0106896261831253,0.00101363627670348,0.0106896261831253,0.00101363627670348
0.02,2,"SoftProxy","exact",316.227766016838,382,124,1.71449007235983e-05,4.37946457372384e-05,2.18973228686192e-05,TRUE,0.000196303971223479,TRUE,9.60330969537294e-06,0.459982457396956,0.739085036081861,0.810459693537642,0.0225736377660634,0.0156754281324909,0.0225736377660634,0.0156754281324909,0.0205413459726628,0.00671526788917332,0.0205413459726628,0.00671526788917332
0.02,2,"IPW","exact",100,382,124,0.00164485555780618,0.00372046992210871,0.00186023496105436,TRUE,0.00137759557739289,TRUE,1.08196141675608e-05,0.460181179524728,0.739215657886694,0.810959360426382,0.0215844082717251,0.0149341515329007,0.0215844082717251,0.0149341515329007,0.021631691090142,0.00790219018459304,0.021631691090142,0.00790219018459304
0.02,2,"Augmented","exact",316.227766016838,382,124,0.000398362455653034,0.00144841433627086,0.000724207168135428,TRUE,0.000524250656793616,TRUE,8.65352445594579e-06,0.460080100951981,0.739144716734069,0.810626249167222,0.0218189796347296,0.0150892493105341,0.0218189796347296,0.0150892493105341,0.0198320360626746,0.00685725810517823,0.0198320360626746,0.00685725810517823
0.02,2,"AugmentedMisspecified","exact",316.227766016838,382,124,0.000380960505536669,0.00129443528111623,0.000647217640558116,TRUE,0.000515996149230473,TRUE,1.14798126798778e-05,0.460023171943047,0.739019403450861,0.810792804796802,0.0216853403660633,0.0149287788199804,0.0216853403660633,0.0149287788199804,0.0210930701105938,0.00741188927545,0.0210930701105938,0.00741188927545
0.02,3,"Unconstrained","exact",0,373,130,0.00700381290601777,0.00700381290601777,0.00700381290601777,TRUE,0.00708862676994184,TRUE,1.08513695273046e-13,0.459985191766891,0.739071040888486,0.810293137908061,0.0225450043231494,0.0156520704595688,0.0225450043231494,0.0156520704595688,0.0208172080416283,0.00671526788917332,0.0208172080416283,0.00671526788917332
0.02,3,"Oracle","exact",1000,373,130,0.0015244494976099,0.00529178061490764,0.00264589030745382,TRUE,0.00274413819293694,TRUE,1.2719592279585e-05,0.463023210000175,0.736152319180493,0.801798800799467,0.00947083663580917,0.00346286875802315,0.00947083663580917,0.00346286875802315,0.0106896261831253,0.00101363627670348,0.0106896261831253,0.00101363627670348
0.02,3,"SoftProxy","exact",316.227766016838,373,130,0.00285835272024458,0.00700381290601784,0.00350190645300892,TRUE,0.00291641620082776,TRUE,6.35573899695131e-06,0.460769366397385,0.734806528516413,0.807295136575616,0.0153831763257476,0.00901018976084278,0.0153831763257476,0.00901018976084278,0.0176123842240294,0.00666426732179215,0.0176123842240294,0.00666426732179215
0.02,3,"IPW","exact",100,373,130,0.00129359789807119,0.00329734399143442,0.00164867199571721,TRUE,0.000896596505306997,TRUE,1.2554923854331e-05,0.459880414283166,0.738649737308612,0.811292471685543,0.0220768831606053,0.0152060761466124,0.0220768831606053,0.0152060761466124,0.0197137597657666,0.00525769485549155,0.0197137597657666,0.00525769485549155
0.02,3,"Augmented","exact",316.227766016838,373,130,0.00227215802733475,0.00811845452689402,0.00405922726344701,TRUE,0.0166337659971657,TRUE,1.51328018957923e-05,0.462137735335885,0.731914671145129,0.806129247168554,0.0161824141108556,0.00995380888618413,0.0161824141108556,0.00995380888618413,0.0196879013204623,0.00721889849206381,0.0196879013204623,0.00721889849206381
0.02,3,"AugmentedMisspecified","exact",316.227766016838,373,130,0.00213273670873432,0.00827187439704417,0.00413593719852209,TRUE,0.015744493363807,TRUE,1.23840984090346e-05,0.462298140125135,0.732127816331586,0.807794803464357,0.0167814861393428,0.0106290546684179,0.0167814861393428,0.0106290546684179,0.0193068661129708,0.00652227710578712,0.0193068661129708,0.00652227710578712
0.05,1,"Unconstrained","exact",0,884,295,0.00225859392308173,0.00225859392308173,0.00225859392308173,TRUE,0.00227356751732369,TRUE,1.08513695273046e-13,0.459985191766891,0.739071040888486,0.810293137908061,0.0225450043231494,0.0156520704595688,0.0225450043231494,0.0156520704595688,0.0208172080416283,0.00671526788917332,0.0208172080416283,0.00671526788917332
0.05,1,"Oracle","exact",1000,884,295,0.0015244494976099,0.00529178061490764,0.00264589030745382,TRUE,0.00274413819293694,TRUE,1.2719592279585e-05,0.463023210000175,0.736152319180493,0.801798800799467,0.00947083663580917,0.00346286875802315,0.00947083663580917,0.00346286875802315,0.0106896261831253,0.00101363627670348,0.0106896261831253,0.00101363627670348
0.05,1,"SoftProxy","exact",1000,884,295,0.000563903641018228,0.00225859392308193,0.00112929696154097,TRUE,0.000598153680250359,TRUE,1.16465829864783e-05,0.460432139549918,0.739724632505526,0.807961359093937,0.0182332788484526,0.0114883880790307,0.0182332788484526,0.0114883880790307,0.0145251409604154,0.00421276277607663,0.0145251409604154,0.00421276277607663
0.05,1,"IPW","exact",316.227766016838,884,295,0.000476619912840092,0.00129001956177979,0.000645009780889895,TRUE,0.0133271565529595,TRUE,1.37397011715944e-05,0.460110221840163,0.738423883843112,0.810792804796802,0.0229764864820655,0.0161541317205136,0.0229764864820655,0.0161541317205136,0.0229189314548273,0.0090757827862652,0.0229189314548273,0.0090757827862652
0.05,1,"Augmented","exact",316.227766016838,884,295,0.000931758882903896,0.00234440854228707,0.00117220427114353,TRUE,0.0086911028469124,TRUE,1.35904335169367e-05,0.460048376811719,0.739537547334318,0.810459693537642,0.0199528640734987,0.0131553468814722,0.0199528640734987,0.0131553468814722,0.0167713469872887,0.00380012182180989,0.0167713469872887,0.00380012182180989
0.05,1,"AugmentedMisspecified","exact",316.227766016838,884,295,0.000671126939561744,0.00164876068922608,0.000824380344613042,TRUE,0.00800012051093074,TRUE,1.09375620356868e-05,0.459937078818659,0.739498939904318,0.810459693537642,0.0207208860724846,0.0139087177867042,0.0207208860724846,0.0139087177867042,0.0181637604904988,0.00470306368521989,0.0181637604904988,0.00470306368521989
0.05,2,"Unconstrained","exact",0,898,303,0.00547092717299917,0.00547092717299917,0.00547092717299917,TRUE,0.00566185264335496,TRUE,1.08513695273046e-13,0.459985191766891,0.739071040888486,0.810293137908061,0.0225450043231494,0.0156520704595688,0.0225450043231494,0.0156520704595688,0.0208172080416283,0.00671526788917332,0.0208172080416283,0.00671526788917332
0.05,2,"Oracle","exact",1000,898,303,0.0015244494976099,0.00529178061490764,0.00264589030745382,TRUE,0.00274413819293694,TRUE,1.2719592279585e-05,0.463023210000175,0.736152319180493,0.801798800799467,0.00947083663580917,0.00346286875802315,0.00947083663580917,0.00346286875802315,0.0106896261831253,0.00101363627670348,0.0106896261831253,0.00101363627670348
0.05,2,"SoftProxy","exact",1000,898,303,0.00152098184898906,0.00547092717299925,0.00273546358649962,TRUE,0.00169083250849835,TRUE,1.24987932885639e-05,0.462221076916084,0.735477010884078,0.801965356429047,0.0118870768891651,0.00591978489889999,0.0118870768891651,0.00591978489889999,0.0164041106811036,0.00736088870806872,0.0164041106811036,0.00736088870806872
0.05,2,"IPW","exact",316.227766016838,898,303,0.000550437378114853,0.00188654799617191,0.000943273998085954,TRUE,0.00220714558014041,TRUE,1.31347310228316e-05,0.460011529742151,0.739773696114484,0.80962691538974,0.0208385739817755,0.0141758200238861,0.0208385739817755,0.0141758200238861,0.0198320360626745,0.00671526788917343,0.0198320360626745,0.00671526788917343
0.05,2,"Augmented","exact",316.227766016838,898,303,0.00266506861711601,0.00601094135896675,0.00300547067948338,TRUE,0.00702241323093673,TRUE,1.366243726732e-05,0.460638057537457,0.736601452282825,0.807628247834777,0.0154453094294629,0.00937059302116983,0.0154453094294629,0.00937059302116983,0.0156944528996538,0.00763153944633077,0.0156944528996538,0.00763153944633077
0.05,2,"AugmentedMisspecified","exact",316.227766016838,898,303,0.00220607732971905,0.00482497585367405,0.00241248792683702,TRUE,0.00555509701725196,TRUE,1.21639856630122e-05,0.460054293002981,0.738128054410738,0.810293137908061,0.0164781505112509,0.0101873154927017,0.0164781505112509,0.0101873154927017,0.0172837616500702,0.00839249109373608,0.0172837616500702,0.00839249109373608
0.05,3,"Unconstrained","exact",0,886,273,0.00104853070645833,0.00104853070645833,0.00104853070645833,TRUE,0.00181801051195931,TRUE,1.08513695273046e-13,0.459985191766891,0.739071040888486,0.810293137908061,0.0225450043231494,0.0156520704595688,0.0225450043231494,0.0156520704595688,0.0208172080416283,0.00671526788917332,0.0208172080416283,0.00671526788917332
0.05,3,"Oracle","exact",1000,886,273,0.0015244494976099,0.00529178061490764,0.00264589030745382,TRUE,0.00274413819293694,TRUE,1.2719592279585e-05,0.463023210000175,0.736152319180493,0.801798800799467,0.00947083663580917,0.00346286875802315,0.00947083663580917,0.00346286875802315,0.0106896261831253,0.00101363627670348,0.0106896261831253,0.00101363627670348
0.05,3,"SoftProxy","exact",316.227766016838,886,273,0.000499588446987696,0.00104853070645845,0.000524265353229227,TRUE,0.00126338220493351,TRUE,7.03329493552028e-06,0.460059170451703,0.739486231625276,0.811459027315123,0.0217976970392098,0.0148852002547905,0.0217976970392098,0.0148852002547905,0.0219337594758733,0.00776019996858823,0.0219337594758733,0.00776019996858823
0.05,3,"IPW","exact",316.227766016838,886,273,8.82589452552964e-05,0.00025433016897921,0.000127165084489605,TRUE,0.00853629378802842,TRUE,1.16400113771183e-05,0.459989772351999,0.738867225830945,0.810459693537642,0.0226799588832377,0.0157771489023285,0.0226799588832377,0.0157771489023285,0.0210930701105938,0.00796652044572188,0.0210930701105938,0.00796652044572188
0.05,3,"Augmented","exact",316.227766016838,886,273,0.000297712345756837,0.000736444529947725,0.000368222264973863,TRUE,0.0057150915162024,TRUE,1.58050591391843e-05,0.460049134949827,0.739328423755152,0.810792804796802,0.022150397323874,0.0152407717633364,0.022150397323874,0.0152407717633364,0.0222227247032218,0.00817284092285531,0.0222227247032218,0.00817284092285531
0.05,3,"AugmentedMisspecified","exact",316.227766016838,886,273,5.37562820231877e-05,0.000127811515090023,6.39057575450115e-05,TRUE,0.00598525810375983,TRUE,1.11479434186173e-05,0.459987868362122,0.739125734747652,0.810293137908061,0.022471652024988,0.0155780454351541,0.022471652024988,0.0155780454351541,0.0202654839036974,0.00636695719603508,0.0202654839036974,0.00636695719603508
0.1,1,"Unconstrained","exact",0,1786,623,0.00694335136749851,0.00694335136749851,0.00694335136749851,TRUE,0.00684150887336591,TRUE,1.08513695273046e-13,0.459985191766891,0.739071040888486,0.810293137908061,0.0225450043231494,0.0156520704595688,0.0225450043231494,0.0156520704595688,0.0208172080416283,0.00671526788917332,0.0208172080416283,0.00671526788917332
0.1,1,"Oracle","exact",1000,1786,623,0.0015244494976099,0.00529178061490764,0.00264589030745382,TRUE,0.00274413819293694,TRUE,1.2719592279585e-05,0.463023210000175,0.736152319180493,0.801798800799467,0.00947083663580917,0.00346286875802315,0.00947083663580917,0.00346286875802315,0.0106896261831253,0.00101363627670348,0.0106896261831253,0.00101363627670348
0.1,1,"SoftProxy","exact",316.227766016838,1786,623,0.00335221589334834,0.00694335136749844,0.00347167568374922,TRUE,0.00317587915420301,TRUE,1.39812789216782e-05,0.460991753951401,0.737979737533822,0.806129247168554,0.0142128635384571,0.00814304816917544,0.0142128635384571,0.00814304816917544,0.0135665231696888,0.00506470407210546,0.0135665231696888,0.00506470407210546
0.1,1,"IPW","exact",316.227766016838,1786,623,0.00211469988469498,0.00541384807804403,0.00270692403902202,TRUE,0.00530888519407064,TRUE,9.93501487311605e-06,0.460155201694504,0.740227976874149,0.808461025982678,0.0160976783593045,0.00967780766329229,0.0160976783593045,0.00967780766329229,0.0120423823397252,0.00407077256007193,0.0120423823397252,0.00407077256007193
0.1,1,"Augmented","exact",316.227766016838,1786,623,0.00277377779784656,0.00683110624831199,0.003415553124156,TRUE,0.00159566196904352,TRUE,1.32764989682995e-05,0.46079619978961,0.737900109709447,0.808794137241839,0.0147387651143597,0.00854847691685223,0.0147387651143597,0.00854847691685223,0.0129227290516156,0.00527102454923911,0.0129227290516156,0.00527102454923911
0.1,1,"AugmentedMisspecified","exact",316.227766016838,1786,623,0.00287142974781327,0.00691614034548166,0.00345807017274083,TRUE,0.00129904342021953,TRUE,7.4560146568019e-06,0.460721712104246,0.738161835911988,0.808627581612258,0.0143837682999214,0.00804818946029962,0.0143837682999214,0.00804818946029962,0.0125023843689758,0.00346514082241889,0.0125023843689758,0.00346514082241889
0.1,2,"Unconstrained","exact",0,1825,623,0.00475734053906727,0.00475734053906727,0.00475734053906727,TRUE,0.00494029674617714,TRUE,1.08513695273046e-13,0.459985191766891,0.739071040888486,0.810293137908061,0.0225450043231494,0.0156520704595688,0.0225450043231494,0.0156520704595688,0.0208172080416283,0.00671526788917332,0.0208172080416283,0.00671526788917332
0.1,2,"Oracle","exact",1000,1825,623,0.0015244494976099,0.00529178061490764,0.00264589030745382,TRUE,0.00274413819293694,TRUE,1.2719592279585e-05,0.463023210000175,0.736152319180493,0.801798800799467,0.00947083663580917,0.00346286875802315,0.00947083663580917,0.00346286875802315,0.0106896261831253,0.00101363627670348,0.0106896261831253,0.00101363627670348
0.1,2,"SoftProxy","exact",1000,1825,623,0.00139346175652729,0.0047573405390674,0.0023786702695337,TRUE,0.00157172159228476,TRUE,8.68297448274536e-06,0.462602549689444,0.737809221384655,0.802964690206529,0.014336640774508,0.00769910599681334,0.014336640774508,0.00769910599681334,0.0174416952935894,0.00693491806005431,0.0174416952935894,0.00693491806005431
0.1,2,"IPW","exact",316.227766016838,1825,623,0.00142713263906196,0.00427576372880879,0.00213788186440439,TRUE,0.0111614535641658,TRUE,1.06656823440611e-05,0.460124772671707,0.741051762911772,0.810126582278481,0.0193282433429337,0.0122457625597983,0.0193282433429337,0.0122457625597983,0.0208961748633878,0.00874080178687431,0.0208961748633878,0.00874080178687431
0.1,2,"Augmented","exact",1000,1825,623,0.00122468034394373,0.00499534700314158,0.00249767350157079,TRUE,0.0110366731287356,TRUE,1.51894608692699e-05,0.462346172650116,0.737534947767365,0.803964023984011,0.0143970300617161,0.00743926201843204,0.0143970300617161,0.00743926201843204,0.0163644533344928,0.00554167528750105,0.0163644533344928,0.00554167528750105
0.1,2,"AugmentedMisspecified","exact",316.227766016838,1825,623,0.0023233595018762,0.00498380092531103,0.00249190046265551,TRUE,0.0117684574970307,TRUE,1.38947102639106e-05,0.460582590820182,0.739598836629443,0.807961359093937,0.0173951700260631,0.0105357067073161,0.0173951700260631,0.0105357067073161,0.0190310040440056,0.00742521896919723,0.0190310040440056,0.00742521896919723
0.1,3,"Unconstrained","exact",0,1831,593,0.00664197227557059,0.00664197227557059,0.00664197227557059,TRUE,0.00666601952037877,TRUE,1.08513695273046e-13,0.459985191766891,0.739071040888486,0.810293137908061,0.0225450043231494,0.0156520704595688,0.0225450043231494,0.0156520704595688,0.0208172080416283,0.00671526788917332,0.0208172080416283,0.00671526788917332
0.1,3,"Oracle","exact",1000,1831,593,0.0015244494976099,0.00529178061490764,0.00264589030745382,TRUE,0.00274413819293694,TRUE,1.2719592279585e-05,0.463023210000175,0.736152319180493,0.801798800799467,0.00947083663580917,0.00346286875802315,0.00947083663580917,0.00346286875802315,0.0106896261831253,0.00101363627670348,0.0106896261831253,0.00101363627670348
0.1,3,"SoftProxy","exact",1000,1831,593,0.0018875490951311,0.00664197227557067,0.00332098613778533,TRUE,0.00186568602345163,TRUE,1.39682735028835e-05,0.465410835579418,0.732972997320001,0.796469020652898,0.00779350796182277,0.0022414631922566,0.00779350796182277,0.0022414631922566,0.0093106637097593,0.000188354368169441,0.0093106637097593,0.000188354368169441
0.1,3,"IPW","exact",316.227766016838,1831,593,0.00270739266274113,0.00727911409941026,0.00363955704970513,TRUE,0.00281544146056605,TRUE,7.46781218230212e-06,0.462803417655758,0.734906907834413,0.803964023984011,0.0153420740944343,0.00875881034440562,0.0153420740944343,0.00875881034440562,0.0163247959878826,0.0043414232983342,0.0163247959878826,0.0043414232983342
0.1,3,"Augmented","exact",1000,1831,593,0.00153266061559626,0.00627574310179259,0.0031378715508963,TRUE,0.0011870252082064,TRUE,1.38207885412787e-05,0.464504126545366,0.732072639879545,0.801132578281146,0.0102961502539181,0.00420541722077072,0.0102961502539181,0.00420541722077072,0.0113199692713538,-0.00185050922327901,0.0113199692713538,0.00185050922327901
0.1,3,"AugmentedMisspecified","exact",1000,1831,593,0.00163586701451005,0.00663706001206186,0.00331853000603093,TRUE,0.00143918589277621,TRUE,9.78007694394834e-06,0.465386033136961,0.730907338950714,0.799300466355763,0.00927510319736224,0.00332751354742133,0.00927510319736224,0.00332751354742133,0.0118323839341364,-0.0008055771438642,0.0118323839341364,0.0008055771438642
0.2,1,"Unconstrained","exact",0,3750,1156,0.00445625735683391,0.00445625735683391,0.00445625735683391,TRUE,0.00436920343318539,TRUE,1.08513695273046e-13,0.459985191766891,0.739071040888486,0.810293137908061,0.0225450043231494,0.0156520704595688,0.0225450043231494,0.0156520704595688,0.0208172080416283,0.00671526788917332,0.0208172080416283,0.00671526788917332
0.2,1,"Oracle","exact",1000,3750,1156,0.0015244494976099,0.00529178061490764,0.00264589030745382,TRUE,0.00274413819293694,TRUE,1.2719592279585e-05,0.463023210000175,0.736152319180493,0.801798800799467,0.00947083663580917,0.00346286875802315,0.00947083663580917,0.00346286875802315,0.0106896261831253,0.00101363627670348,0.0106896261831253,0.00101363627670348
0.2,1,"SoftProxy","exact",1000,3750,1156,0.00131217127428511,0.00445625735683403,0.00222812867841702,TRUE,0.00119224232667728,TRUE,1.7470613687738e-05,0.462436459739382,0.736773094482033,0.80346435709527,0.01158495974853,0.00556403939872918,0.01158495974853,0.00556403939872918,0.0094941079271208,-0.00107622788212625,0.0094941079271208,0.00107622788212625
0.2,1,"IPW","exact",316.227766016838,3750,1156,0.000978674187790841,0.00245379960501444,0.00122689980250722,TRUE,0.00642668792053188,TRUE,1.17741847210159e-05,0.46023455182849,0.739646774188359,0.808794137241839,0.0194492991122626,0.0126989811480985,0.0194492991122626,0.0126989811480985,0.0167713469872885,0.0047673939463484,0.0167713469872885,0.0047673939463484
0.2,1,"Augmented","exact",1000,3750,1156,0.00116459593366067,0.00449155508216013,0.00224577754108007,TRUE,0.00376904393438899,TRUE,1.16439480776303e-05,0.462340332562768,0.735974564138202,0.803964023984011,0.0119764163478548,0.00589126557909025,0.0119764163478548,0.00589126557909025,0.00808859126552719,0.000317014890426903,0.00808859126552719,0.000317014890426903
0.2,1,"AugmentedMisspecified","exact",1000,3750,1156,0.00111697381130845,0.00453509260865519,0.00226754630432759,TRUE,0.00374864733143926,TRUE,1.28958132292342e-05,0.462300306806688,0.736455065777409,0.804463690872751,0.0120947522174744,0.00597217966815078,0.0120947522174744,0.00597217966815078,0.0083644533344932,0.00101363627670348,0.0083644533344932,0.00101363627670348
0.2,2,"Unconstrained","exact",0,3539,1192,0.00464490496784657,0.00464490496784657,0.00464490496784657,TRUE,0.00482758230907159,TRUE,1.08513695273046e-13,0.459985191766891,0.739071040888486,0.810293137908061,0.0225450043231494,0.0156520704595688,0.0225450043231494,0.0156520704595688,0.0208172080416283,0.00671526788917332,0.0208172080416283,0.00671526788917332
0.2,2,"Oracle","exact",1000,3539,1192,0.0015244494976099,0.00529178061490764,0.00264589030745382,TRUE,0.00274413819293694,TRUE,1.2719592279585e-05,0.463023210000175,0.736152319180493,0.801798800799467,0.00947083663580917,0.00346286875802315,0.00947083663580917,0.00346286875802315,0.0106896261831253,0.00101363627670348,0.0106896261831253,0.00101363627670348
0.2,2,"SoftProxy","exact",1000,3539,1192,0.00134317640228581,0.00464490496784672,0.00232245248392336,TRUE,0.00154380279118625,TRUE,1.05704917637242e-05,0.461625677334289,0.738147036397155,0.80363091272485,0.0120065532202133,0.0058374108095286,0.0120065532202133,0.0058374108095286,0.0144465220101174,0.00671526788917332,0.0144465220101174,0.00671526788917332
0.2,2,"IPW","exact",316.227766016838,3539,1192,0.0020536564429838,0.00487258368793186,0.00243629184396593,TRUE,0.00317394397345147,TRUE,1.02685366199284e-05,0.460280232022815,0.73687894318595,0.810293137908061,0.0169408068009939,0.0105445065659676,0.0169408068009939,0.0105445065659676,0.0172837616500705,0.00658660736691596,0.0172837616500705,0.00658660736691596
0.2,2,"Augmented","exact",1000,3539,1192,0.00113077482745921,0.0043282112456253,0.00216410562281265,TRUE,0.00158608107649797,TRUE,1.12496962575066e-05,0.461186844377539,0.736966775089199,0.806962025316456,0.0129576592802589,0.0065937291333712,0.0129576592802589,0.0065937291333712,0.0138027278920436,0.00490938416235343,0.0138027278920436,0.00490938416235343
0.2,2,"AugmentedMisspecified","exact",1000,3539,1192,0.00115114226674987,0.00432794489323796,0.00216397244661898,TRUE,0.00163560761538513,TRUE,7.50342621578913e-06,0.461168350529182,0.737179920275657,0.806962025316456,0.0128686167979423,0.00650280347751309,0.0128686167979423,0.00650280347751309,0.0136844515951358,0.00441908325321028,0.0136844515951358,0.00441908325321028
0.2,3,"Unconstrained","exact",0,3566,1197,0.00464481335271172,0.00464481335271172,0.00464481335271172,TRUE,0.0046696412085007,TRUE,1.08513695273046e-13,0.459985191766891,0.739071040888486,0.810293137908061,0.0225450043231494,0.0156520704595688,0.0225450043231494,0.0156520704595688,0.0208172080416283,0.00671526788917332,0.0208172080416283,0.00671526788917332
0.2,3,"Oracle","exact",1000,3566,1197,0.0015244494976099,0.00529178061490764,0.00264589030745382,TRUE,0.00274413819293694,TRUE,1.2719592279585e-05,0.463023210000175,0.736152319180493,0.801798800799467,0.00947083663580917,0.00346286875802315,0.00947083663580917,0.00346286875802315,0.0106896261831253,0.00101363627670348,0.0106896261831253,0.00101363627670348
0.2,3,"SoftProxy","exact",1000,3566,1197,0.00150076268566599,0.00464481335271181,0.0023224066763559,TRUE,0.00155616759029522,TRUE,1.20690475591419e-05,0.462265845115636,0.738545658111904,0.799966688874084,0.0108941142208753,0.00438915377289217,0.0108941142208753,0.00438915377289217,0.0140130741690946,0.00392878234406724,0.0140130741690946,0.00392878234406724
0.2,3,"IPW","exact",316.227766016838,3566,1197,0.00322788781208353,0.0067115709244142,0.0033557854622071,TRUE,0.00487182584371609,TRUE,1.38590330234427e-05,0.461502382493682,0.739308476582985,0.804963357761492,0.0124550947851656,0.00596920919482735,0.0124550947851656,0.00596920919482735,0.0164565233146355,0.00610963615152038,0.0164565233146355,0.00610963615152038
0.2,3,"Augmented","exact",1000,3566,1197,0.00141695628555982,0.00533960141289116,0.00266980070644558,TRUE,0.00366916839533517,TRUE,8.58034266296969e-06,0.463148120810366,0.736928006794908,0.799467021985343,0.00985598548701427,0.00348417408244095,0.00985598548701427,0.00348417408244095,0.0137110057833633,0.00587665628689227,0.0137110057833633,0.00587665628689227
0.2,3,"AugmentedMisspecified","exact",1000,3566,1197,0.00136707135301276,0.00502611640679477,0.00251305820339739,TRUE,0.00408984533233218,TRUE,1.03504731588605e-05,0.462768964713793,0.73718603311874,0.801632245169887,0.0107692260343627,0.00428382205479272,0.0107692260343627,0.00428382205479272,0.0144203156933514,0.00636695719603508,0.0144203156933514,0.00636695719603508
